match_id,season,team,batsman,runs,balls_faced,fours,sixes,dismissed,strike_rate
1,2011,Sunrisers Hyderabad,Kane Williamson,47,54,6,2,False,87.04
1,2011,Sunrisers Hyderabad,Abhishek Sharma,40,50,6,2,False,80.0
1,2011,Sunrisers Hyderabad,Rahul Tripathi,59,78,8,2,True,75.64
1,2011,Sunrisers Hyderabad,Nicholas Pooran,50,53,8,2,True,94.34
1,2011,Rajasthan Royals,Jos Buttler,48,74,6,3,True,64.86
1,2011,Rajasthan Royals,Sanju Samson,75,96,12,6,False,78.12
1,2011,Rajasthan Royals,Yashasvi Jaiswal,40,40,3,2,True,100.0
1,2011,Rajasthan Royals,Devdutt Padikkal,66,74,6,5,True,89.19
2,2011,Chennai Super Kings,MS Dhoni,21,40,2,1,False,52.5
2,2011,Chennai Super Kings,Ruturaj Gaikwad,44,55,3,4,False,80.0
2,2011,Chennai Super Kings,Devon Conway,59,78,9,4,True,75.64
2,2011,Chennai Super Kings,Ambati Rayudu,33,33,4,3,True,100.0
2,2011,Royal Challengers Bangalore,Virat Kohli,13,13,1,0,True,100.0
2,2011,Royal Challengers Bangalore,Faf du Plessis,59,65,5,4,True,90.77
2,2011,Royal Challengers Bangalore,Glenn Maxwell,28,35,3,2,True,80.0
2,2011,Royal Challengers Bangalore,Dinesh Karthik,68,91,10,3,False,74.73
3,2011,Delhi Capitals,David Warner,26,35,3,2,False,74.29
3,2011,Delhi Capitals,Prithvi Shaw,54,59,7,3,True,91.53
3,2011,Delhi Capitals,Rishabh Pant,28,41,3,0,False,68.29
3,2011,Delhi Capitals,Axar Patel,58,78,6,2,True,74.36
3,2011,Mumbai Indians,Rohit Sharma,30,38,3,3,True,78.95
3,2011,Mumbai Indians,Ishan Kishan,71,100,6,4,True,71.0
3,2011,Mumbai Indians,Suryakumar Yadav,27,40,3,1,False,67.5
3,2011,Mumbai Indians,Hardik Pandya,28,28,4,2,True,100.0
4,2011,Punjab Kings,Shikhar Dhawan,56,66,8,4,True,84.85
4,2011,Punjab Kings,Jonny Bairstow,39,39,6,2,True,100.0
4,2011,Punjab Kings,Liam Livingstone,60,65,10,3,True,92.31
4,2011,Punjab Kings,Sam Curran,35,49,3,3,True,71.43
4,2011,Kolkata Knight Riders,Shreyas Iyer,22,22,3,0,True,100.0
4,2011,Kolkata Knight Riders,Venkatesh Iyer,52,79,4,5,True,65.82
4,2011,Kolkata Knight Riders,Andre Russell,55,71,7,4,False,77.46
4,2011,Kolkata Knight Riders,Nitish Rana,54,57,5,3,True,94.74
5,2011,Sunrisers Hyderabad,Kane Williamson,20,20,1,1,True,100.0
5,2011,Sunrisers Hyderabad,Abhishek Sharma,38,57,5,1,False,66.67
5,2011,Sunrisers Hyderabad,Rahul Tripathi,29,36,4,2,True,80.56
5,2011,Sunrisers Hyderabad,Nicholas Pooran,15,15,1,1,False,100.0
5,2011,Rajasthan Royals,Jos Buttler,78,90,8,7,True,86.67
5,2011,Rajasthan Royals,Sanju Samson,50,59,7,3,True,84.75
5,2011,Rajasthan Royals,Yashasvi Jaiswal,51,71,7,4,True,71.83
5,2011,Rajasthan Royals,Devdutt Padikkal,55,57,5,2,False,96.49
6,2011,Delhi Capitals,David Warner,58,68,7,4,True,85.29
6,2011,Delhi Capitals,Prithvi Shaw,60,77,7,5,False,77.92
6,2011,Delhi Capitals,Rishabh Pant,44,44,4,4,True,100.0
6,2011,Delhi Capitals,Axar Patel,63,80,7,7,True,78.75
6,2011,Royal Challengers Bangalore,Virat Kohli,79,79,7,6,True,100.0
6,2011,Royal Challengers Bangalore,Faf du Plessis,88,107,7,5,True,82.24
6,2011,Royal Challengers Bangalore,Glenn Maxwell,32,47,5,3,False,68.09
6,2011,Royal Challengers Bangalore,Dinesh Karthik,48,52,5,5,True,92.31
7,2011,Chennai Super Kings,MS Dhoni,20,35,3,2,True,57.14
7,2011,Chennai Super Kings,Ruturaj Gaikwad,44,45,3,1,False,97.78
7,2011,Chennai Super Kings,Devon Conway,28,28,4,1,True,100.0
7,2011,Chennai Super Kings,Ambati Rayudu,42,57,4,2,False,73.68
7,2011,Kolkata Knight Riders,Shreyas Iyer,33,34,4,3,True,97.06
7,2011,Kolkata Knight Riders,Venkatesh Iyer,41,45,4,2,True,91.11
7,2011,Kolkata Knight Riders,Andre Russell,73,102,8,7,True,71.57
7,2011,Kolkata Knight Riders,Nitish Rana,51,62,4,4,True,82.26
8,2011,Mumbai Indians,Rohit Sharma,50,50,8,1,True,100.0
8,2011,Mumbai Indians,Ishan Kishan,57,64,5,3,True,89.06
8,2011,Mumbai Indians,Suryakumar Yadav,33,54,5,3,True,61.11
8,2011,Mumbai Indians,Hardik Pandya,47,63,7,1,True,74.6
8,2011,Punjab Kings,Shikhar Dhawan,63,74,8,4,False,85.14
8,2011,Punjab Kings,Jonny Bairstow,40,40,3,3,False,100.0
8,2011,Punjab Kings,Liam Livingstone,56,62,6,6,False,90.32
8,2011,Punjab Kings,Sam Curran,59,65,6,6,True,90.77
9,2011,Mumbai Indians,Rohit Sharma,11,18,1,0,True,61.11
9,2011,Mumbai Indians,Ishan Kishan,53,78,4,5,False,67.95
9,2011,Mumbai Indians,Suryakumar Yadav,20,20,3,1,True,100.0
9,2011,Mumbai Indians,Hardik Pandya,32,46,3,1,False,69.57
9,2011,Punjab Kings,Shikhar Dhawan,20,26,1,2,True,76.92
9,2011,Punjab Kings,Jonny Bairstow,49,85,6,2,True,57.65
9,2011,Punjab Kings,Liam Livingstone,46,68,7,3,True,67.65
9,2011,Punjab Kings,Sam Curran,59,88,8,3,True,67.05
10,2011,Chennai Super Kings,MS Dhoni,52,55,9,2,True,94.55
10,2011,Chennai Super Kings,Ruturaj Gaikwad,45,53,4,2,False,84.91
10,2011,Chennai Super Kings,Devon Conway,53,65,5,3,True,81.54
10,2011,Chennai Super Kings,Ambati Rayudu,80,90,10,5,True,88.89
10,2011,Rajasthan Royals,Jos Buttler,40,48,3,1,True,83.33
10,2011,Rajasthan Royals,Sanju Samson,38,38,6,3,True,100.0
10,2011,Rajasthan Royals,Yashasvi Jaiswal,51,59,6,1,True,86.44
10,2011,Rajasthan Royals,Devdutt Padikkal,38,38,4,4,True,100.0
11,2011,Royal Challengers Bangalore,Virat Kohli,33,33,5,1,True,100.0
11,2011,Royal Challengers Bangalore,Faf du Plessis,45,57,6,2,True,78.95
11,2011,Royal Challengers Bangalore,Glenn Maxwell,53,53,9,5,False,100.0
11,2011,Royal Challengers Bangalore,Dinesh Karthik,28,39,4,2,True,71.79
11,2011,Sunrisers Hyderabad,Kane Williamson,57,90,9,3,True,63.33
11,2011,Sunrisers Hyderabad,Abhishek Sharma,27,47,3,2,False,57.45
11,2011,Sunrisers Hyderabad,Rahul Tripathi,38,71,3,1,True,53.52
11,2011,Sunrisers Hyderabad,Nicholas Pooran,45,45,6,3,False,100.0
12,2011,Kolkata Knight Riders,Shreyas Iyer,52,71,6,3,True,73.24
12,2011,Kolkata Knight Riders,Venkatesh Iyer,56,65,9,2,True,86.15
12,2011,Kolkata Knight Riders,Andre Russell,61,69,7,2,True,88.41
12,2011,Kolkata Knight Riders,Nitish Rana,46,65,4,2,True,70.77
12,2011,Delhi Capitals,David Warner,40,56,4,3,True,71.43
12,2011,Delhi Capitals,Prithvi Shaw,71,92,10,4,True,77.17
12,2011,Delhi Capitals,Rishabh Pant,23,25,3,1,True,92.0
12,2011,Delhi Capitals,Axar Patel,44,51,6,2,True,86.27
13,2011,Delhi Capitals,David Warner,54,54,7,3,True,100.0
13,2011,Delhi Capitals,Prithvi Shaw,34,43,5,1,True,79.07
13,2011,Delhi Capitals,Rishabh Pant,35,37,6,2,True,94.59
13,2011,Delhi Capitals,Axar Patel,33,35,3,1,False,94.29
13,2011,Chennai Super Kings,MS Dhoni,16,18,2,1,True,88.89
13,2011,Chennai Super Kings,Ruturaj Gaikwad,0,0,0,0,True,0.0
13,2011,Chennai Super Kings,Devon Conway,16,22,1,1,False,72.73
13,2011,Chennai Super Kings,Ambati Rayudu,35,45,4,1,True,77.78
14,2011,Kolkata Knight Riders,Shreyas Iyer,64,72,9,2,True,88.89
14,2011,Kolkata Knight Riders,Venkatesh Iyer,24,36,3,1,True,66.67
14,2011,Kolkata Knight Riders,Andre Russell,50,56,5,5,True,89.29
14,2011,Kolkata Knight Riders,Nitish Rana,26,26,4,1,True,100.0
14,2011,Royal Challengers Bangalore,Virat Kohli,33,33,4,1,False,100.0
14,2011,Royal Challengers Bangalore,Faf du Plessis,38,50,5,4,True,76.0
14,2011,Royal Challengers Bangalore,Glenn Maxwell,27,35,4,1,False,77.14
14,2011,Royal Challengers Bangalore,Dinesh Karthik,41,48,5,4,True,85.42
15,2011,Sunrisers Hyderabad,Kane Williamson,62,67,7,4,True,92.54
15,2011,Sunrisers Hyderabad,Abhishek Sharma,70,86,12,4,False,81.4
15,2011,Sunrisers Hyderabad,Rahul Tripathi,58,84,10,2,True,69.05
15,2011,Sunrisers Hyderabad,Nicholas Pooran,47,67,7,5,True,70.15
15,2011,Rajasthan Royals,Jos Buttler,57,76,9,1,False,75.0
15,2011,Rajasthan Royals,Sanju Samson,82,103,11,8,True,79.61
15,2011,Rajasthan Royals,Yashasvi Jaiswal,45,71,7,5,True,63.38
15,2011,Rajasthan Royals,Devdutt Padikkal,63,63,5,1,False,100.0
16,2011,Mumbai Indians,Rohit Sharma,68,88,11,5,True,77.27
16,2011,Mumbai Indians,Ishan Kishan,32,38,3,2,True,84.21
16,2011,Mumbai Indians,Suryakumar Yadav,32,35,5,3,True,91.43
16,2011,Mumbai Indians,Hardik Pandya,47,62,5,1,True,75.81
16,2011,Punjab Kings,Shikhar Dhawan,15,17,2,1,True,88.24
16,2011,Punjab Kings,Jonny Bairstow,31,47,3,1,True,65.96
16,2011,Punjab Kings,Liam Livingstone,37,40,6,2,True,92.5
16,2011,Punjab Kings,Sam Curran,62,69,6,5,False,89.86
17,2011,Rajasthan Royals,Jos Buttler,83,111,7,7,True,74.77
17,2011,Rajasthan Royals,Sanju Samson,65,83,10,5,True,78.31
17,2011,Rajasthan Royals,Yashasvi Jaiswal,57,63,6,4,True,90.48
17,2011,Rajasthan Royals,Devdutt Padikkal,56,57,4,5,True,98.25
17,2011,Sunrisers Hyderabad,Kane Williamson,51,77,8,4,True,66.23
17,2011,Sunrisers Hyderabad,Abhishek Sharma,47,54,4,5,False,87.04
17,2011,Sunrisers Hyderabad,Rahul Tripathi,42,42,6,3,False,100.0
17,2011,Sunrisers Hyderabad,Nicholas Pooran,36,49,4,4,True,73.47
18,2011,Kolkata Knight Riders,Shreyas Iyer,35,61,4,3,True,57.38
18,2011,Kolkata Knight Riders,Venkatesh Iyer,53,75,9,5,False,70.67
18,2011,Kolkata Knight Riders,Andre Russell,17,30,1,1,True,56.67
18,2011,Kolkata Knight Riders,Nitish Rana,33,35,5,2,True,94.29
18,2011,Mumbai Indians,Rohit Sharma,49,50,7,1,False,98.0
18,2011,Mumbai Indians,Ishan Kishan,47,47,5,4,True,100.0
18,2011,Mumbai Indians,Suryakumar Yadav,51,67,7,5,False,76.12
18,2011,Mumbai Indians,Hardik Pandya,42,46,7,1,True,91.3
19,2011,Delhi Capitals,David Warner,28,50,4,1,False,56.0
19,2011,Delhi Capitals,Prithvi Shaw,33,33,2,1,True,100.0
19,2011,Delhi Capitals,Rishabh Pant,63,70,5,4,True,90.0
19,2011,Delhi Capitals,Axar Patel,45,45,5,3,True,100.0
19,2011,Chennai Super Kings,MS Dhoni,49,62,4,3,False,79.03
19,2011,Chennai Super Kings,Ruturaj Gaikwad,7,7,0,0,False,100.0
19,2011,Chennai Super Kings,Devon Conway,24,30,2,1,True,80.0
19,2011,Chennai Super Kings,Ambati Rayudu,4,4,0,0,True,100.0
20,2011,Royal Challengers Bangalore,Virat Kohli,64,64,11,6,True,100.0
20,2011,Royal Challengers Bangalore,Faf du Plessis,49,61,7,3,True,80.33
20,2011,Royal Challengers Bangalore,Glenn Maxwell,39,45,4,2,True,86.67
20,2011,Royal Challengers Bangalore,Dinesh Karthik,43,68,3,4,False,63.24
20,2011,Punjab Kings,Shikhar Dhawan,71,89,10,5,False,79.78
20,2011,Punjab Kings,Jonny Bairstow,45,45,6,4,False,100.0
20,2011,Punjab Kings,Liam Livingstone,13,13,2,1,False,100.0
20,2011,Punjab Kings,Sam Curran,41,41,6,4,True,100.0
21,2011,Kolkata Knight Riders,Shreyas Iyer,63,74,9,2,True,85.14
21,2011,Kolkata Knight Riders,Venkatesh Iyer,26,29,4,2,True,89.66
21,2011,Kolkata Knight Riders,Andre Russell,82,98,7,4,False,83.67
21,2011,Kolkata Knight Riders,Nitish Rana,85,85,10,2,True,100.0
21,2011,Delhi Capitals,David Warner,42,54,4,4,True,77.78
21,2011,Delhi Capitals,Prithvi Shaw,5,10,0,0,True,50.0
21,2011,Delhi Capitals,Rishabh Pant,37,44,3,3,False,84.09
21,2011,Delhi Capitals,Axar Patel,41,49,6,1,True,83.67
22,2011,Sunrisers Hyderabad,Kane Williamson,75,87,13,7,False,86.21
22,2011,Sunrisers Hyderabad,Abhishek Sharma,68,85,10,4,True,80.0
22,2011,Sunrisers Hyderabad,Rahul Tripathi,39,51,5,4,True,76.47
22,2011,Sunrisers Hyderabad,Nicholas Pooran,38,38,6,1,False,100.0
22,2011,Chennai Super Kings,MS Dhoni,59,68,10,2,False,86.76
22,2011,Chennai Super Kings,Ruturaj Gaikwad,21,21,3,2,False,100.0
22,2011,Chennai Super Kings,Devon Conway,12,24,1,0,True,50.0
22,2011,Chennai Super Kings,Ambati Rayudu,70,71,7,3,False,98.59
23,2011,Mumbai Indians,Rohit Sharma,43,58,4,4,True,74.14
23,2011,Mumbai Indians,Ishan Kishan,15,25,1,1,True,60.0
23,2011,Mumbai Indians,Suryakumar Yadav,1,1,0,0,True,100.0
23,2011,Mumbai Indians,Hardik Pandya,60,66,9,6,True,90.91
23,2011,Rajasthan Royals,Jos Buttler,24,24,3,1,True,100.0
23,2011,Rajasthan Royals,Sanju Samson,0,1,0,0,True,0.0
23,2011,Rajasthan Royals,Yashasvi Jaiswal,52,69,7,2,False,75.36
23,2011,Rajasthan Royals,Devdutt Padikkal,2,5,0,0,True,40.0
24,2011,Punjab Kings,Shikhar Dhawan,91,117,7,5,True,77.78
24,2011,Punjab Kings,Jonny Bairstow,37,38,2,2,False,97.37
24,2011,Punjab Kings,Liam Livingstone,67,71,9,4,False,94.37
24,2011,Punjab Kings,Sam Curran,63,77,10,3,True,81.82
24,2011,Royal Challengers Bangalore,Virat Kohli,60,69,9,7,False,86.96
24,2011,Royal Challengers Bangalore,Faf du Plessis,72,72,10,2,True,100.0
24,2011,Royal Challengers Bangalore,Glenn Maxwell,31,42,4,2,False,73.81
24,2011,Royal Challengers Bangalore,Dinesh Karthik,17,28,2,1,True,60.71
25,2011,Rajasthan Royals,Jos Buttler,33,44,5,2,True,75.0
25,2011,Rajasthan Royals,Sanju Samson,43,53,3,4,True,81.13
25,2011,Rajasthan Royals,Yashasvi Jaiswal,41,44,6,1,True,93.18
25,2011,Rajasthan Royals,Devdutt Padikkal,61,84,7,4,True,72.62
25,2011,Mumbai Indians,Rohit Sharma,0,1,0,0,False,0.0
25,2011,Mumbai Indians,Ishan Kishan,40,44,5,4,True,90.91
25,2011,Mumbai Indians,Suryakumar Yadav,36,72,5,2,True,50.0
25,2011,Mumbai Indians,Hardik Pandya,3,3,0,0,False,100.0
26,2011,Punjab Kings,Shikhar Dhawan,8,20,0,0,True,40.0
26,2011,Punjab Kings,Jonny Bairstow,27,27,4,2,False,100.0
26,2011,Punjab Kings,Liam Livingstone,60,60,8,6,False,100.0
26,2011,Punjab Kings,Sam Curran,49,52,5,2,True,94.23
26,2011,Sunrisers Hyderabad,Kane Williamson,34,47,5,2,True,72.34
26,2011,Sunrisers Hyderabad,Abhishek Sharma,24,26,2,2,True,92.31
26,2011,Sunrisers Hyderabad,Rahul Tripathi,27,27,4,2,True,100.0
26,2011,Sunrisers Hyderabad,Nicholas Pooran,41,45,6,3,False,91.11
27,2011,Kolkata Knight Riders,Shreyas Iyer,29,29,5,1,True,100.0
27,2011,Kolkata Knight Riders,Venkatesh Iyer,34,34,5,3,True,100.0
27,2011,Kolkata Knight Riders,Andre Russell,18,18,1,0,True,100.0
27,2011,Kolkata Knight Riders,Nitish Rana,21,21,3,2,True,100.0
27,2011,Chennai Super Kings,MS Dhoni,39,39,5,2,True,100.0
27,2011,Chennai Super Kings,Ruturaj Gaikwad,78,101,11,4,True,77.23
27,2011,Chennai Super Kings,Devon Conway,77,86,10,5,True,89.53
27,2011,Chennai Super Kings,Ambati Rayudu,39,39,5,1,False,100.0
28,2011,Delhi Capitals,David Warner,44,44,6,4,True,100.0
28,2011,Delhi Capitals,Prithvi Shaw,38,43,4,2,False,88.37
28,2011,Delhi Capitals,Rishabh Pant,57,65,5,5,False,87.69
28,2011,Delhi Capitals,Axar Patel,21,23,3,2,True,91.3
28,2011,Royal Challengers Bangalore,Virat Kohli,36,56,4,4,True,64.29
28,2011,Royal Challengers Bangalore,Faf du Plessis,71,90,10,3,True,78.89
28,2011,Royal Challengers Bangalore,Glenn Maxwell,18,18,1,1,True,100.0
28,2011,Royal Challengers Bangalore,Dinesh Karthik,9,9,1,0,True,100.0
29,2012,Delhi Capitals,David Warner,22,28,3,2,True,78.57
29,2012,Delhi Capitals,Prithvi Shaw,34,41,3,3,True,82.93
29,2012,Delhi Capitals,Rishabh Pant,17,23,1,1,True,73.91
29,2012,Delhi Capitals,Axar Patel,43,66,6,2,True,65.15
29,2012,Mumbai Indians,Rohit Sharma,78,85,13,2,False,91.76
29,2012,Mumbai Indians,Ishan Kishan,33,33,2,1,True,100.0
29,2012,Mumbai Indians,Suryakumar Yadav,42,43,7,1,False,97.67
29,2012,Mumbai Indians,Hardik Pandya,73,77,7,3,True,94.81
30,2012,Kolkata Knight Riders,Shreyas Iyer,48,67,7,3,False,71.64
30,2012,Kolkata Knight Riders,Venkatesh Iyer,67,67,7,6,True,100.0
30,2012,Kolkata Knight Riders,Andre Russell,35,43,3,3,False,81.4
30,2012,Kolkata Knight Riders,Nitish Rana,8,24,0,0,True,33.33
30,2012,Rajasthan Royals,Jos Buttler,66,66,8,3,False,100.0
30,2012,Rajasthan Royals,Sanju Samson,64,81,10,6,True,79.01
30,2012,Rajasthan Royals,Yashasvi Jaiswal,27,35,3,1,True,77.14
30,2012,Rajasthan Royals,Devdutt Padikkal,39,43,3,1,True,90.7
31,2012,Chennai Super Kings,MS Dhoni,21,34,2,1,True,61.76
31,2012,Chennai Super Kings,Ruturaj Gaikwad,44,56,4,3,True,78.57
31,2012,Chennai Super Kings,Devon Conway,29,31,3,1,True,93.55
31,2012,Chennai Super Kings,Ambati Rayudu,18,18,2,1,False,100.0
31,2012,Punjab Kings,Shikhar Dhawan,5,5,0,0,True,100.0
31,2012,Punjab Kings,Jonny Bairstow,34,34,4,3,True,100.0
31,2012,Punjab Kings,Liam Livingstone,16,20,2,0,True,80.0
31,2012,Punjab Kings,Sam Curran,42,42,4,2,False,100.0
32,2012,Sunrisers Hyderabad,Kane Williamson,43,64,7,3,True,67.19
32,2012,Sunrisers Hyderabad,Abhishek Sharma,29,38,4,3,True,76.32
32,2012,Sunrisers Hyderabad,Rahul Tripathi,52,70,6,5,True,74.29
32,2012,Sunrisers Hyderabad,Nicholas Pooran,27,27,3,2,False,100.0
32,2012,Royal Challengers Bangalore,Virat Kohli,40,58,3,2,False,68.97
32,2012,Royal Challengers Bangalore,Faf du Plessis,41,49,3,4,True,83.67
32,2012,Royal Challengers Bangalore,Glenn Maxwell,51,61,4,4,True,83.61
32,2012,Royal Challengers Bangalore,Dinesh Karthik,64,71,7,7,True,90.14
33,2012,Chennai Super Kings,MS Dhoni,37,37,4,1,True,100.0
33,2012,Chennai Super Kings,Ruturaj Gaikwad,80,93,11,7,True,86.02
33,2012,Chennai Super Kings,Devon Conway,60,60,7,1,False,100.0
33,2012,Chennai Super Kings,Ambati Rayudu,53,78,4,5,True,67.95
33,2012,Mumbai Indians,Rohit Sharma,67,69,10,2,True,97.1
33,2012,Mumbai Indians,Ishan Kishan,29,49,4,1,True,59.18
33,2012,Mumbai Indians,Suryakumar Yadav,34,34,4,2,False,100.0
33,2012,Mumbai Indians,Hardik Pandya,45,65,7,2,True,69.23
34,2012,Sunrisers Hyderabad,Kane Williamson,19,19,2,0,True,100.0
34,2012,Sunrisers Hyderabad,Abhishek Sharma,50,58,6,2,True,86.21
34,2012,Sunrisers Hyderabad,Rahul Tripathi,18,36,2,1,False,50.0
34,2012,Sunrisers Hyderabad,Nicholas Pooran,51,51,5,5,True,100.0
34,2012,Rajasthan Royals,Jos Buttler,55,67,6,3,True,82.09
34,2012,Rajasthan Royals,Sanju Samson,43,56,5,5,False,76.79
34,2012,Rajasthan Royals,Yashasvi Jaiswal,45,62,4,2,True,72.58
34,2012,Rajasthan Royals,Devdutt Padikkal,22,22,3,2,True,100.0
35,2012,Royal Challengers Bangalore,Virat Kohli,21,36,3,2,True,58.33
35,2012,Royal Challengers Bangalore,Faf du Plessis,49,61,5,4,True,80.33
35,2012,Royal Challengers Bangalore,Glenn Maxwell,64,68,10,6,False,94.12
35,2012,Royal Challengers Bangalore,Dinesh Karthik,25,27,2,1,False,92.59
35,2012,Delhi Capitals,David Warner,32,49,2,2,True,65.31
35,2012,Delhi Capitals,Prithvi Shaw,48,64,5,3,True,75.0
35,2012,Delhi Capitals,Rishabh Pant,75,97,11,3,True,77.32
35,2012,Delhi Capitals,Axar Patel,69,84,8,4,True,82.14
36,2012,Kolkata Knight Riders,Shreyas Iyer,59,79,8,2,True,74.68
36,2012,Kolkata Knight Riders,Venkatesh Iyer,69,94,8,7,True,73.4
36,2012,Kolkata Knight Riders,Andre Russell,83,99,12,7,True,83.84
36,2012,Kolkata Knight Riders,Nitish Rana,55,55,7,2,True,100.0
36,2012,Punjab Kings,Shikhar Dhawan,55,65,4,5,True,84.62
36,2012,Punjab Kings,Jonny Bairstow,40,40,5,3,False,100.0
36,2012,Punjab Kings,Liam Livingstone,51,62,8,4,False,82.26
36,2012,Punjab Kings,Sam Curran,32,40,4,1,True,80.0
37,2012,Chennai Super Kings,MS Dhoni,35,37,3,2,False,94.59
37,2012,Chennai Super Kings,Ruturaj Gaikwad,43,59,4,4,False,72.88
37,2012,Chennai Super Kings,Devon Conway,48,49,5,4,False,97.96
37,2012,Chennai Super Kings,Ambati Rayudu,42,51,5,4,True,82.35
37,2012,Royal Challengers Bangalore,Virat Kohli,22,22,2,1,False,100.0
37,2012,Royal Challengers Bangalore,Faf du Plessis,46,46,7,3,True,100.0
37,2012,Royal Challengers Bangalore,Glenn Maxwell,25,29,4,0,True,86.21
37,2012,Royal Challengers Bangalore,Dinesh Karthik,43,51,4,1,True,84.31
38,2012,Rajasthan Royals,Jos Buttler,26,41,2,1,True,63.41
38,2012,Rajasthan Royals,Sanju Samson,24,24,3,0,True,100.0
38,2012,Rajasthan Royals,Yashasvi Jaiswal,31,40,3,3,True,77.5
38,2012,Rajasthan Royals,Devdutt Padikkal,37,37,4,2,False,100.0
38,2012,Sunrisers Hyderabad,Kane Williamson,76,90,8,4,True,84.44
38,2012,Sunrisers Hyderabad,Abhishek Sharma,51,60,6,6,True,85.0
38,2012,Sunrisers Hyderabad,Rahul Tripathi,31,47,3,1,True,65.96
38,2012,Sunrisers Hyderabad,Nicholas Pooran,53,63,7,2,True,84.13
39,2012,Mumbai Indians,Rohit Sharma,69,86,12,2,True,80.23
39,2012,Mumbai Indians,Ishan Kishan,79,90,10,7,True,87.78
39,2012,Mumbai Indians,Suryakumar Yadav,45,51,4,4,True,88.24
39,2012,Mumbai Indians,Hardik Pandya,58,69,9,6,True,84.06
39,2012,Delhi Capitals,David Warner,45,80,6,2,True,56.25
39,2012,Delhi Capitals,Prithvi Shaw,78,81,7,6,True,96.3
39,2012,Delhi Capitals,Rishabh Pant,35,35,3,3,True,100.0
39,2012,Delhi Capitals,Axar Patel,31,39,3,3,True,79.49
40,2012,Punjab Kings,Shikhar Dhawan,69,74,9,4,False,93.24
40,2012,Punjab Kings,Jonny Bairstow,91,131,12,8,True,69.47
40,2012,Punjab Kings,Liam Livingstone,36,44,4,1,True,81.82
40,2012,Punjab Kings,Sam Curran,22,28,2,1,False,78.57
40,2012,Kolkata Knight Riders,Shreyas Iyer,21,21,2,2,True,100.0
40,2012,Kolkata Knight Riders,Venkatesh Iyer,66,77,6,4,True,85.71
40,2012,Kolkata Knight Riders,Andre Russell,28,47,4,1,True,59.57
40,2012,Kolkata Knight Riders,Nitish Rana,27,27,3,2,False,100.0
41,2012,Punjab Kings,Shikhar Dhawan,42,53,5,2,False,79.25
41,2012,Punjab Kings,Jonny Bairstow,62,81,6,3,True,76.54
41,2012,Punjab Kings,Liam Livingstone,53,64,5,5,True,82.81
41,2012,Punjab Kings,Sam Curran,28,38,2,2,True,73.68
41,2012,Delhi Capitals,David Warner,60,73,9,6,True,82.19
41,2012,Delhi Capitals,Prithvi Shaw,60,63,7,2,True,95.24
41,2012,Delhi Capitals,Rishabh Pant,10,10,1,0,True,100.0
41,2012,Delhi Capitals,Axar Patel,62,91,9,2,True,68.13
42,2012,Mumbai Indians,Rohit Sharma,25,39,2,2,True,64.1
42,2012,Mumbai Indians,Ishan Kishan,59,81,8,7,True,72.84
42,2012,Mumbai Indians,Suryakumar Yadav,30,33,3,1,True,90.91
42,2012,Mumbai Indians,Hardik Pandya,33,33,5,1,True,100.0
42,2012,Royal Challengers Bangalore,Virat Kohli,17,29,1,1,False,58.62
42,2012,Royal Challengers Bangalore,Faf du Plessis,12,22,1,0,True,54.55
42,2012,Royal Challengers Bangalore,Glenn Maxwell,56,66,5,5,False,84.85
42,2012,Royal Challengers Bangalore,Dinesh Karthik,59,63,6,3,True,93.65
43,2012,Kolkata Knight Riders,Shreyas Iyer,39,39,4,4,True,100.0
43,2012,Kolkata Knight Riders,Venkatesh Iyer,52,79,5,3,True,65.82
43,2012,Kolkata Knight Riders,Andre Russell,24,48,2,0,True,50.0
43,2012,Kolkata Knight Riders,Nitish Rana,43,58,6,3,False,74.14
43,2012,Chennai Super Kings,MS Dhoni,24,45,3,2,True,53.33
43,2012,Chennai Super Kings,Ruturaj Gaikwad,52,55,4,1,True,94.55
43,2012,Chennai Super Kings,Devon Conway,41,41,4,4,False,100.0
43,2012,Chennai Super Kings,Ambati Rayudu,53,78,8,2,False,67.95
44,2012,Rajasthan Royals,Jos Buttler,20,29,3,2,False,68.97
44,2012,Rajasthan Royals,Sanju Samson,17,17,1,0,True,100.0
44,2012,Rajasthan Royals,Yashasvi Jaiswal,24,26,3,1,True,92.31
44,2012,Rajasthan Royals,Devdutt Padikkal,70,79,11,5,True,88.61
44,2012,Sunrisers Hyderabad,Kane Williamson,12,16,1,0,False,75.0
44,2012,Sunrisers Hyderabad,Abhishek Sharma,11,15,1,0,False,73.33
44,2012,Sunrisers Hyderabad,Rahul Tripathi,21,34,2,0,True,61.76
44,2012,Sunrisers Hyderabad,Nicholas Pooran,31,31,4,3,True,100.0
45,2012,Punjab Kings,Shikhar Dhawan,41,41,7,3,True,100.0
45,2012,Punjab Kings,Jonny Bairstow,31,31,2,2,False,100.0
45,2012,Punjab Kings,Liam Livingstone,23,29,2,1,True,79.31
45,2012,Punjab Kings,Sam Curran,41,53,5,2,True,77.36
45,2012,Royal Challengers Bangalore,Virat Kohli,77,88,10,6,True,87.5
45,2012,Royal Challengers Bangalore,Faf du Plessis,35,35,4,1,False,100.0
45,2012,Royal Challengers Bangalore,Glenn Maxwell,40,42,5,3,True,95.24
45,2012,Royal Challengers Bangalore,Dinesh Karthik,32,32,5,1,True,100.0
46,2012,Delhi Capitals,David Warner,37,41,4,1,False,90.24
46,2012,Delhi Capitals,Prithvi Shaw,25,25,4,2,True,100.0
46,2012,Delhi Capitals,Rishabh Pant,51,57,6,3,True,89.47
46,2012,Delhi Capitals,Axar Patel,15,21,2,0,False,71.43
46,2012,Rajasthan Royals,Jos Buttler,75,83,8,6,False,90.36
46,2012,Rajasthan Royals,Sanju Samson,45,59,7,2,False,76.27
46,2012,Rajasthan Royals,Yashasvi Jaiswal,49,55,7,4,True,89.09
46,2012,Rajasthan Royals,Devdutt Padikkal,24,34,2,1,True,70.59
47,2012,Kolkata Knight Riders,Shreyas Iyer,42,42,5,4,True,100.0
47,2012,Kolkata Knight Riders,Venkatesh Iyer,19,35,3,0,True,54.29
47,2012,Kolkata Knight Riders,Andre Russell,28,31,2,2,False,90.32
47,2012,Kolkata Knight Riders,Nitish Rana,19,19,2,1,True,100.0
47,2012,Chennai Super Kings,MS Dhoni,38,38,3,4,True,100.0
47,2012,Chennai Super Kings,Ruturaj Gaikwad,25,25,3,1,True,100.0
47,2012,Chennai Super Kings,Devon Conway,89,119,13,3,True,74.79
47,2012,Chennai Super Kings,Ambati Rayudu,24,25,2,1,True,96.0
48,2012,Sunrisers Hyderabad,Kane Williamson,0,0,0,0,True,0.0
48,2012,Sunrisers Hyderabad,Abhishek Sharma,0,0,0,0,True,0.0
48,2012,Sunrisers Hyderabad,Rahul Tripathi,38,38,6,3,True,100.0
48,2012,Sunrisers Hyderabad,Nicholas Pooran,25,25,2,1,True,100.0
48,2012,Mumbai Indians,Rohit Sharma,55,78,6,5,True,70.51
48,2012,Mumbai Indians,Ishan Kishan,26,26,2,1,True,100.0
48,2012,Mumbai Indians,Suryakumar Yadav,54,68,5,4,True,79.41
48,2012,Mumbai Indians,Hardik Pandya,51,57,6,1,True,89.47
49,2012,Sunrisers Hyderabad,Kane Williamson,59,89,9,3,True,66.29
49,2012,Sunrisers Hyderabad,Abhishek Sharma,19,40,2,1,True,47.5
49,2012,Sunrisers Hyderabad,Rahul Tripathi,36,47,6,3,False,76.6
49,2012,Sunrisers Hyderabad,Nicholas Pooran,69,85,5,7,True,81.18
49,2012,Royal Challengers Bangalore,Virat Kohli,62,67,6,6,True,92.54
49,2012,Royal Challengers Bangalore,Faf du Plessis,67,84,7,6,True,79.76
49,2012,Royal Challengers Bangalore,Glenn Maxwell,80,105,11,5,True,76.19
49,2012,Royal Challengers Bangalore,Dinesh Karthik,37,51,5,1,True,72.55
50,2012,Rajasthan Royals,Jos Buttler,56,56,5,2,True,100.0
50,2012,Rajasthan Royals,Sanju Samson,49,49,5,2,True,100.0
50,2012,Rajasthan Royals,Yashasvi Jaiswal,64,81,10,4,False,79.01
50,2012,Rajasthan Royals,Devdutt Padikkal,64,86,8,5,False,74.42
50,2012,Delhi Capitals,David Warner,77,111,10,2,True,69.37
50,2012,Delhi Capitals,Prithvi Shaw,18,32,3,1,True,56.25
50,2012,Delhi Capitals,Rishabh Pant,30,46,3,2,False,65.22
50,2012,Delhi Capitals,Axar Patel,60,82,8,6,True,73.17
51,2012,Mumbai Indians,Rohit Sharma,47,47,6,3,True,100.0
51,2012,Mumbai Indians,Ishan Kishan,19,34,2,1,True,55.88
51,2012,Mumbai Indians,Suryakumar Yadav,22,29,2,2,False,75.86
51,2012,Mumbai Indians,Hardik Pandya,19,36,2,0,True,52.78
51,2012,Chennai Super Kings,MS Dhoni,44,62,7,2,True,70.97
51,2012,Chennai Super Kings,Ruturaj Gaikwad,34,34,3,1,False,100.0
51,2012,Chennai Super Kings,Devon Conway,41,52,3,1,False,78.85
51,2012,Chennai Super Kings,Ambati Rayudu,6,6,0,0,True,100.0
52,2012,Punjab Kings,Shikhar Dhawan,79,102,9,7,True,77.45
52,2012,Punjab Kings,Jonny Bairstow,53,53,5,5,True,100.0
52,2012,Punjab Kings,Liam Livingstone,61,84,9,3,True,72.62
52,2012,Punjab Kings,Sam Curran,38,52,3,3,True,73.08
52,2012,Kolkata Knight Riders,Shreyas Iyer,19,19,2,1,False,100.0
52,2012,Kolkata Knight Riders,Venkatesh Iyer,38,50,3,1,True,76.0
52,2012,Kolkata Knight Riders,Andre Russell,39,54,4,2,True,72.22
52,2012,Kolkata Knight Riders,Nitish Rana,21,29,3,1,True,72.41
53,2012,Mumbai Indians,Rohit Sharma,69,69,8,3,True,100.0
53,2012,Mumbai Indians,Ishan Kishan,7,16,1,0,True,43.75
53,2012,Mumbai Indians,Suryakumar Yadav,25,42,3,1,False,59.52
53,2012,Mumbai Indians,Hardik Pandya,3,3,0,0,True,100.0
53,2012,Delhi Capitals,David Warner,6,16,0,0,True,37.5
53,2012,Delhi Capitals,Prithvi Shaw,21,25,1,2,False,84.0
53,2012,Delhi Capitals,Rishabh Pant,44,52,3,3,True,84.62
53,2012,Delhi Capitals,Axar Patel,0,0,0,0,True,0.0
54,2012,Kolkata Knight Riders,Shreyas Iyer,32,32,4,1,False,100.0
54,2012,Kolkata Knight Riders,Venkatesh Iyer,27,27,3,0,True,100.0
54,2012,Kolkata Knight Riders,Andre Russell,24,35,2,1,True,68.57
54,2012,Kolkata Knight Riders,Nitish Rana,36,38,3,2,True,94.74
54,2012,Rajasthan Royals,Jos Buttler,36,51,3,1,True,70.59
54,2012,Rajasthan Royals,Sanju Samson,75,76,6,8,False,98.68
54,2012,Rajasthan Royals,Yashasvi Jaiswal,61,76,5,4,True,80.26
54,2012,Rajasthan Royals,Devdutt Padikkal,49,64,5,5,True,76.56
55,2012,Chennai Super Kings,MS Dhoni,74,74,11,5,True,100.0
55,2012,Chennai Super Kings,Ruturaj Gaikwad,56,80,6,6,True,70.0
55,2012,Chennai Super Kings,Devon Conway,53,53,6,4,True,100.0
55,2012,Chennai Super Kings,Ambati Rayudu,43,43,6,4,False,100.0
55,2012,Punjab Kings,Shikhar Dhawan,40,60,4,4,True,66.67
55,2012,Punjab Kings,Jonny Bairstow,42,61,6,3,True,68.85
55,2012,Punjab Kings,Liam Livingstone,35,47,4,1,True,74.47
55,2012,Punjab Kings,Sam Curran,11,16,0,0,False,68.75
56,2012,Sunrisers Hyderabad,Kane Williamson,59,59,5,4,True,100.0
56,2012,Sunrisers Hyderabad,Abhishek Sharma,37,38,4,1,True,97.37
56,2012,Sunrisers Hyderabad,Rahul Tripathi,0,20,0,0,True,0.0
56,2012,Sunrisers Hyderabad,Nicholas Pooran,33,39,2,2,True,84.62
56,2012,Royal Challengers Bangalore,Virat Kohli,44,53,3,1,True,83.02
56,2012,Royal Challengers Bangalore,Faf du Plessis,37,37,5,1,False,100.0
56,2012,Royal Challengers Bangalore,Glenn Maxwell,25,38,2,1,True,65.79
56,2012,Royal Challengers Bangalore,Dinesh Karthik,35,35,3,2,False,100.0
57,2013,Chennai Super Kings,MS Dhoni,67,67,5,2,True,100.0
57,2013,Chennai Super Kings,Ruturaj Gaikwad,29,52,3,1,True,55.77
57,2013,Chennai Super Kings,Devon Conway,31,32,2,3,True,96.88
57,2013,Chennai Super Kings,Ambati Rayudu,33,50,3,1,True,66.0
57,2013,Delhi Capitals,David Warner,31,39,3,3,True,79.49
57,2013,Delhi Capitals,Prithvi Shaw,75,102,12,4,True,73.53
57,2013,Delhi Capitals,Rishabh Pant,90,106,13,7,True,84.91
57,2013,Delhi Capitals,Axar Patel,58,64,6,5,True,90.62
58,2013,Mumbai Indians,Rohit Sharma,45,56,3,4,True,80.36
58,2013,Mumbai Indians,Ishan Kishan,62,62,7,4,False,100.0
58,2013,Mumbai Indians,Suryakumar Yadav,46,46,5,1,True,100.0
58,2013,Mumbai Indians,Hardik Pandya,28,28,4,2,True,100.0
58,2013,Sunrisers Hyderabad,Kane Williamson,36,48,3,3,True,75.0
58,2013,Sunrisers Hyderabad,Abhishek Sharma,20,20,1,2,True,100.0
58,2013,Sunrisers Hyderabad,Rahul Tripathi,29,34,4,1,True,85.29
58,2013,Sunrisers Hyderabad,Nicholas Pooran,16,16,2,0,True,100.0
59,2013,Kolkata Knight Riders,Shreyas Iyer,27,27,3,2,True,100.0
59,2013,Kolkata Knight Riders,Venkatesh Iyer,37,42,4,3,True,88.1
59,2013,Kolkata Knight Riders,Andre Russell,48,58,4,3,True,82.76
59,2013,Kolkata Knight Riders,Nitish Rana,52,83,6,4,False,62.65
59,2013,Rajasthan Royals,Jos Buttler,55,67,7,5,True,82.09
59,2013,Rajasthan Royals,Sanju Samson,44,54,6,2,True,81.48
59,2013,Rajasthan Royals,Yashasvi Jaiswal,27,27,2,2,True,100.0
59,2013,Rajasthan Royals,Devdutt Padikkal,73,75,6,2,True,97.33
60,2013,Royal Challengers Bangalore,Virat Kohli,50,76,4,3,True,65.79
60,2013,Royal Challengers Bangalore,Faf du Plessis,57,65,6,3,True,87.69
60,2013,Royal Challengers Bangalore,Glenn Maxwell,51,51,7,4,False,100.0
60,2013,Royal Challengers Bangalore,Dinesh Karthik,40,48,3,3,True,83.33
60,2013,Punjab Kings,Shikhar Dhawan,8,20,0,0,True,40.0
60,2013,Punjab Kings,Jonny Bairstow,27,27,3,3,True,100.0
60,2013,Punjab Kings,Liam Livingstone,70,85,12,6,False,82.35
60,2013,Punjab Kings,Sam Curran,30,30,3,3,True,100.0
61,2013,Punjab Kings,Shikhar Dhawan,38,49,3,3,True,77.55
61,2013,Punjab Kings,Jonny Bairstow,15,21,1,0,True,71.43
61,2013,Punjab Kings,Liam Livingstone,63,83,6,4,True,75.9
61,2013,Punjab Kings,Sam Curran,50,53,8,3,False,94.34
61,2013,Kolkata Knight Riders,Shreyas Iyer,36,47,5,3,True,76.6
61,2013,Kolkata Knight Riders,Venkatesh Iyer,48,58,5,4,True,82.76
61,2013,Kolkata Knight Riders,Andre Russell,39,71,5,4,False,54.93
61,2013,Kolkata Knight Riders,Nitish Rana,33,48,5,1,False,68.75
62,2013,Rajasthan Royals,Jos Buttler,41,45,4,2,True,91.11
62,2013,Rajasthan Royals,Sanju Samson,38,44,3,3,True,86.36
62,2013,Rajasthan Royals,Yashasvi Jaiswal,55,58,8,6,True,94.83
62,2013,Rajasthan Royals,Devdutt Padikkal,42,43,5,3,True,97.67
62,2013,Delhi Capitals,David Warner,30,54,4,1,True,55.56
62,2013,Delhi Capitals,Prithvi Shaw,37,56,3,3,True,66.07
62,2013,Delhi Capitals,Rishabh Pant,18,44,2,1,True,40.91
62,2013,Delhi Capitals,Axar Patel,55,76,6,6,True,72.37
63,2013,Sunrisers Hyderabad,Kane Williamson,10,20,1,0,True,50.0
63,2013,Sunrisers Hyderabad,Abhishek Sharma,31,42,4,2,False,73.81
63,2013,Sunrisers Hyderabad,Rahul Tripathi,36,44,3,1,True,81.82
63,2013,Sunrisers Hyderabad,Nicholas Pooran,31,33,3,1,True,93.94
63,2013,Mumbai Indians,Rohit Sharma,35,40,5,2,True,87.5
63,2013,Mumbai Indians,Ishan Kishan,63,71,6,6,True,88.73
63,2013,Mumbai Indians,Suryakumar Yadav,16,16,1,1,True,100.0
63,2013,Mumbai Indians,Hardik Pandya,54,54,9,3,False,100.0
64,2013,Royal Challengers Bangalore,Virat Kohli,56,56,7,6,True,100.0
64,2013,Royal Challengers Bangalore,Faf du Plessis,48,86,5,4,False,55.81
64,2013,Royal Challengers Bangalore,Glenn Maxwell,46,58,7,2,True,79.31
64,2013,Royal Challengers Bangalore,Dinesh Karthik,17,17,1,1,True,100.0
64,2013,Chennai Super Kings,MS Dhoni,68,77,7,4,True,88.31
64,2013,Chennai Super Kings,Ruturaj Gaikwad,66,79,10,2,False,83.54
64,2013,Chennai Super Kings,Devon Conway,50,59,6,5,False,84.75
64,2013,Chennai Super Kings,Ambati Rayudu,50,50,8,5,True,100.0
65,2013,Delhi Capitals,David Warner,58,70,6,6,True,82.86
65,2013,Delhi Capitals,Prithvi Shaw,13,17,1,0,True,76.47
65,2013,Delhi Capitals,Rishabh Pant,21,21,3,2,True,100.0
65,2013,Delhi Capitals,Axar Patel,59,72,6,5,False,81.94
65,2013,Royal Challengers Bangalore,Virat Kohli,25,25,3,1,True,100.0
65,2013,Royal Challengers Bangalore,Faf du Plessis,45,67,3,5,True,67.16
65,2013,Royal Challengers Bangalore,Glenn Maxwell,38,47,6,1,True,80.85
65,2013,Royal Challengers Bangalore,Dinesh Karthik,38,47,4,2,True,80.85
66,2013,Chennai Super Kings,MS Dhoni,43,67,5,4,True,64.18
66,2013,Chennai Super Kings,Ruturaj Gaikwad,71,83,10,4,True,85.54
66,2013,Chennai Super Kings,Devon Conway,44,44,7,2,True,100.0
66,2013,Chennai Super Kings,Ambati Rayudu,65,88,10,2,True,73.86
66,2013,Mumbai Indians,Rohit Sharma,25,32,4,1,False,78.12
66,2013,Mumbai Indians,Ishan Kishan,54,54,5,2,False,100.0
66,2013,Mumbai Indians,Suryakumar Yadav,54,69,4,3,True,78.26
66,2013,Mumbai Indians,Hardik Pandya,7,21,0,0,False,33.33
67,2013,Punjab Kings,Shikhar Dhawan,42,47,4,2,True,89.36
67,2013,Punjab Kings,Jonny Bairstow,76,99,8,7,True,76.77
67,2013,Punjab Kings,Liam Livingstone,72,84,7,2,False,85.71
67,2013,Punjab Kings,Sam Curran,70,72,5,6,True,97.22
67,2013,Sunrisers Hyderabad,Kane Williamson,35,55,3,1,True,63.64
67,2013,Sunrisers Hyderabad,Abhishek Sharma,54,54,5,5,True,100.0
67,2013,Sunrisers Hyderabad,Rahul Tripathi,63,69,7,2,True,91.3
67,2013,Sunrisers Hyderabad,Nicholas Pooran,80,102,8,5,True,78.43
68,2013,Rajasthan Royals,Jos Buttler,25,31,2,2,True,80.65
68,2013,Rajasthan Royals,Sanju Samson,74,82,8,8,True,90.24
68,2013,Rajasthan Royals,Yashasvi Jaiswal,67,82,5,3,True,81.71
68,2013,Rajasthan Royals,Devdutt Padikkal,64,68,11,4,True,94.12
68,2013,Kolkata Knight Riders,Shreyas Iyer,34,34,3,3,True,100.0
68,2013,Kolkata Knight Riders,Venkatesh Iyer,56,73,6,3,False,76.71
68,2013,Kolkata Knight Riders,Andre Russell,65,72,11,5,True,90.28
68,2013,Kolkata Knight Riders,Nitish Rana,52,66,6,1,True,78.79
69,2013,Rajasthan Royals,Jos Buttler,76,76,9,6,True,100.0
69,2013,Rajasthan Royals,Sanju Samson,31,43,2,2,True,72.09
69,2013,Rajasthan Royals,Yashasvi Jaiswal,50,56,4,3,True,89.29
69,2013,Rajasthan Royals,Devdutt Padikkal,74,93,8,8,True,79.57
69,2013,Kolkata Knight Riders,Shreyas Iyer,45,45,4,2,True,100.0
69,2013,Kolkata Knight Riders,Venkatesh Iyer,65,66,10,5,True,98.48
69,2013,Kolkata Knight Riders,Andre Russell,63,90,9,6,False,70.0
69,2013,Kolkata Knight Riders,Nitish Rana,18,30,2,0,False,60.0
70,2013,Chennai Super Kings,MS Dhoni,9,21,0,0,True,42.86
70,2013,Chennai Super Kings,Ruturaj Gaikwad,45,50,3,2,True,90.0
70,2013,Chennai Super Kings,Devon Conway,51,55,7,5,True,92.73
70,2013,Chennai Super Kings,Ambati Rayudu,29,29,3,2,False,100.0
70,2013,Mumbai Indians,Rohit Sharma,49,67,6,5,True,73.13
70,2013,Mumbai Indians,Ishan Kishan,42,58,4,1,True,72.41
70,2013,Mumbai Indians,Suryakumar Yadav,35,35,4,2,True,100.0
70,2013,Mumbai Indians,Hardik Pandya,34,34,4,3,True,100.0
71,2013,Sunrisers Hyderabad,Kane Williamson,39,40,3,2,True,97.5
71,2013,Sunrisers Hyderabad,Abhishek Sharma,4,4,0,0,False,100.0
71,2013,Sunrisers Hyderabad,Rahul Tripathi,47,49,5,3,False,95.92
71,2013,Sunrisers Hyderabad,Nicholas Pooran,46,61,4,1,False,75.41
71,2013,Punjab Kings,Shikhar Dhawan,52,52,8,5,True,100.0
71,2013,Punjab Kings,Jonny Bairstow,36,38,3,2,True,94.74
71,2013,Punjab Kings,Liam Livingstone,15,15,1,1,True,100.0
71,2013,Punjab Kings,Sam Curran,46,63,5,4,True,73.02
72,2013,Delhi Capitals,David Warner,79,95,6,6,True,83.16
72,2013,Delhi Capitals,Prithvi Shaw,49,53,8,2,True,92.45
72,2013,Delhi Capitals,Rishabh Pant,49,53,6,3,True,92.45
72,2013,Delhi Capitals,Axar Patel,38,42,4,1,False,90.48
72,2013,Royal Challengers Bangalore,Virat Kohli,38,56,5,2,True,67.86
72,2013,Royal Challengers Bangalore,Faf du Plessis,43,60,4,2,True,71.67
72,2013,Royal Challengers Bangalore,Glenn Maxwell,17,18,1,1,True,94.44
72,2013,Royal Challengers Bangalore,Dinesh Karthik,31,32,3,2,True,96.88
73,2013,Mumbai Indians,Rohit Sharma,55,69,7,5,True,79.71
73,2013,Mumbai Indians,Ishan Kishan,43,61,3,4,False,70.49
73,2013,Mumbai Indians,Suryakumar Yadav,53,53,5,5,True,100.0
73,2013,Mumbai Indians,Hardik Pandya,67,75,8,6,True,89.33
73,2013,Rajasthan Royals,Jos Buttler,46,48,5,2,True,95.83
73,2013,Rajasthan Royals,Sanju Samson,34,38,4,1,False,89.47
73,2013,Rajasthan Royals,Yashasvi Jaiswal,29,31,2,2,True,93.55
73,2013,Rajasthan Royals,Devdutt Padikkal,29,35,2,2,False,82.86
74,2013,Royal Challengers Bangalore,Virat Kohli,49,59,5,5,True,83.05
74,2013,Royal Challengers Bangalore,Faf du Plessis,37,48,4,4,True,77.08
74,2013,Royal Challengers Bangalore,Glenn Maxwell,56,56,8,6,True,100.0
74,2013,Royal Challengers Bangalore,Dinesh Karthik,46,63,3,2,True,73.02
74,2013,Chennai Super Kings,MS Dhoni,32,34,3,1,True,94.12
74,2013,Chennai Super Kings,Ruturaj Gaikwad,52,66,8,4,True,78.79
74,2013,Chennai Super Kings,Devon Conway,46,46,5,1,True,100.0
74,2013,Chennai Super Kings,Ambati Rayudu,42,48,4,2,True,87.5
75,2013,Sunrisers Hyderabad,Kane Williamson,25,28,3,2,True,89.29
75,2013,Sunrisers Hyderabad,Abhishek Sharma,66,89,8,6,True,74.16
75,2013,Sunrisers Hyderabad,Rahul Tripathi,32,38,4,2,True,84.21
75,2013,Sunrisers Hyderabad,Nicholas Pooran,39,46,4,2,False,84.78
75,2013,Kolkata Knight Riders,Shreyas Iyer,84,103,10,9,True,81.55
75,2013,Kolkata Knight Riders,Venkatesh Iyer,81,95,12,8,False,85.26
75,2013,Kolkata Knight Riders,Andre Russell,35,40,2,3,False,87.5
75,2013,Kolkata Knight Riders,Nitish Rana,42,45,3,4,True,93.33
76,2013,Punjab Kings,Shikhar Dhawan,32,32,5,1,True,100.0
76,2013,Punjab Kings,Jonny Bairstow,30,30,4,2,True,100.0
76,2013,Punjab Kings,Liam Livingstone,28,28,4,1,False,100.0
76,2013,Punjab Kings,Sam Curran,13,14,2,0,True,92.86
76,2013,Delhi Capitals,David Warner,50,78,4,5,True,64.1
76,2013,Delhi Capitals,Prithvi Shaw,45,54,3,1,True,83.33
76,2013,Delhi Capitals,Rishabh Pant,59,69,7,3,True,85.51
76,2013,Delhi Capitals,Axar Patel,51,52,6,5,False,98.08
77,2013,Sunrisers Hyderabad,Kane Williamson,50,60,7,3,False,83.33
77,2013,Sunrisers Hyderabad,Abhishek Sharma,35,35,5,1,True,100.0
77,2013,Sunrisers Hyderabad,Rahul Tripathi,40,46,6,3,True,86.96
77,2013,Sunrisers Hyderabad,Nicholas Pooran,27,44,3,2,True,61.36
77,2013,Kolkata Knight Riders,Shreyas Iyer,44,63,6,2,True,69.84
77,2013,Kolkata Knight Riders,Venkatesh Iyer,66,73,9,7,True,90.41
77,2013,Kolkata Knight Riders,Andre Russell,81,109,14,8,True,74.31
77,2013,Kolkata Knight Riders,Nitish Rana,80,99,12,3,False,80.81
78,2013,Rajasthan Royals,Jos Buttler,6,15,0,0,False,40.0
78,2013,Rajasthan Royals,Sanju Samson,95,113,9,7,True,84.07
78,2013,Rajasthan Royals,Yashasvi Jaiswal,54,64,7,3,False,84.38
78,2013,Rajasthan Royals,Devdutt Padikkal,42,42,4,2,False,100.0
78,2013,Chennai Super Kings,MS Dhoni,41,41,6,2,True,100.0
78,2013,Chennai Super Kings,Ruturaj Gaikwad,48,50,4,2,True,96.0
78,2013,Chennai Super Kings,Devon Conway,39,39,6,1,True,100.0
78,2013,Chennai Super Kings,Ambati Rayudu,53,67,5,3,False,79.1
79,2013,Punjab Kings,Shikhar Dhawan,27,30,3,1,False,90.0
79,2013,Punjab Kings,Jonny Bairstow,54,61,9,3,True,88.52
79,2013,Punjab Kings,Liam Livingstone,75,92,8,7,True,81.52
79,2013,Punjab Kings,Sam Curran,38,40,4,2,True,95.0
79,2013,Mumbai Indians,Rohit Sharma,35,57,5,2,True,61.4
79,2013,Mumbai Indians,Ishan Kishan,25,43,2,2,True,58.14
79,2013,Mumbai Indians,Suryakumar Yadav,29,34,3,3,True,85.29
79,2013,Mumbai Indians,Hardik Pandya,62,65,10,4,True,95.38
80,2013,Royal Challengers Bangalore,Virat Kohli,54,54,7,2,True,100.0
80,2013,Royal Challengers Bangalore,Faf du Plessis,19,19,2,1,True,100.0
80,2013,Royal Challengers Bangalore,Glenn Maxwell,9,9,1,1,False,100.0
80,2013,Royal Challengers Bangalore,Dinesh Karthik,12,12,1,1,False,100.0
80,2013,Delhi Capitals,David Warner,41,42,5,4,False,97.62
80,2013,Delhi Capitals,Prithvi Shaw,40,42,6,2,True,95.24
80,2013,Delhi Capitals,Rishabh Pant,56,70,9,6,False,80.0
80,2013,Delhi Capitals,Axar Patel,72,111,9,4,True,64.86
81,2013,Punjab Kings,Shikhar Dhawan,75,91,7,5,True,82.42
81,2013,Punjab Kings,Jonny Bairstow,35,41,4,1,False,85.37
81,2013,Punjab Kings,Liam Livingstone,49,50,4,3,True,98.0
81,2013,Punjab Kings,Sam Curran,36,36,3,2,True,100.0
81,2013,Royal Challengers Bangalore,Virat Kohli,52,69,4,4,False,75.36
81,2013,Royal Challengers Bangalore,Faf du Plessis,75,99,9,5,True,75.76
81,2013,Royal Challengers Bangalore,Glenn Maxwell,29,37,3,1,True,78.38
81,2013,Royal Challengers Bangalore,Dinesh Karthik,49,51,7,2,True,96.08
82,2013,Kolkata Knight Riders,Shreyas Iyer,96,100,14,5,False,96.0
82,2013,Kolkata Knight Riders,Venkatesh Iyer,22,24,3,1,True,91.67
82,2013,Kolkata Knight Riders,Andre Russell,17,25,2,1,True,68.0
82,2013,Kolkata Knight Riders,Nitish Rana,62,70,10,4,True,88.57
82,2013,Rajasthan Royals,Jos Buttler,20,33,2,1,False,60.61
82,2013,Rajasthan Royals,Sanju Samson,20,20,3,0,True,100.0
82,2013,Rajasthan Royals,Yashasvi Jaiswal,50,65,8,5,True,76.92
82,2013,Rajasthan Royals,Devdutt Padikkal,45,64,6,1,True,70.31
83,2013,Mumbai Indians,Rohit Sharma,30,44,2,1,False,68.18
83,2013,Mumbai Indians,Ishan Kishan,25,48,2,1,True,52.08
83,2013,Mumbai Indians,Suryakumar Yadav,36,49,4,2,True,73.47
83,2013,Mumbai Indians,Hardik Pandya,31,39,3,1,True,79.49
83,2013,Delhi Capitals,David Warner,25,26,3,0,True,96.15
83,2013,Delhi Capitals,Prithvi Shaw,6,6,0,0,False,100.0
83,2013,Delhi Capitals,Rishabh Pant,30,30,4,3,True,100.0
83,2013,Delhi Capitals,Axar Patel,14,19,1,1,False,73.68
84,2013,Sunrisers Hyderabad,Kane Williamson,50,78,7,4,True,64.1
84,2013,Sunrisers Hyderabad,Abhishek Sharma,79,102,12,7,False,77.45
84,2013,Sunrisers Hyderabad,Rahul Tripathi,41,41,7,2,True,100.0
84,2013,Sunrisers Hyderabad,Nicholas Pooran,30,36,3,3,True,83.33
84,2013,Chennai Super Kings,MS Dhoni,72,104,11,6,True,69.23
84,2013,Chennai Super Kings,Ruturaj Gaikwad,35,38,3,3,False,92.11
84,2013,Chennai Super Kings,Devon Conway,53,67,5,2,False,79.1
84,2013,Chennai Super Kings,Ambati Rayudu,85,114,13,7,False,74.56
85,2014,Punjab Kings,Shikhar Dhawan,50,80,8,2,True,62.5
85,2014,Punjab Kings,Jonny Bairstow,42,49,7,2,False,85.71
85,2014,Punjab Kings,Liam Livingstone,38,52,5,1,True,73.08
85,2014,Punjab Kings,Sam Curran,63,67,6,6,True,94.03
85,2014,Sunrisers Hyderabad,Kane Williamson,34,53,5,3,True,64.15
85,2014,Sunrisers Hyderabad,Abhishek Sharma,32,50,3,3,True,64.0
85,2014,Sunrisers Hyderabad,Rahul Tripathi,11,18,1,1,True,61.11
85,2014,Sunrisers Hyderabad,Nicholas Pooran,0,18,0,0,True,0.0
86,2014,Royal Challengers Bangalore,Virat Kohli,42,42,6,1,True,100.0
86,2014,Royal Challengers Bangalore,Faf du Plessis,25,35,2,1,False,71.43
86,2014,Royal Challengers Bangalore,Glenn Maxwell,37,55,5,2,True,67.27
86,2014,Royal Challengers Bangalore,Dinesh Karthik,64,91,6,2,True,70.33
86,2014,Delhi Capitals,David Warner,31,37,3,1,True,83.78
86,2014,Delhi Capitals,Prithvi Shaw,51,59,7,2,True,86.44
86,2014,Delhi Capitals,Rishabh Pant,46,60,4,4,False,76.67
86,2014,Delhi Capitals,Axar Patel,41,41,4,1,True,100.0
87,2014,Chennai Super Kings,MS Dhoni,46,61,4,1,True,75.41
87,2014,Chennai Super Kings,Ruturaj Gaikwad,44,60,6,2,True,73.33
87,2014,Chennai Super Kings,Devon Conway,38,42,5,1,False,90.48
87,2014,Chennai Super Kings,Ambati Rayudu,52,52,6,4,True,100.0
87,2014,Rajasthan Royals,Jos Buttler,58,71,5,1,False,81.69
87,2014,Rajasthan Royals,Sanju Samson,40,40,5,2,True,100.0
87,2014,Rajasthan Royals,Yashasvi Jaiswal,54,77,9,3,True,70.13
87,2014,Rajasthan Royals,Devdutt Padikkal,46,72,4,4,True,63.89
88,2014,Kolkata Knight Riders,Shreyas Iyer,36,36,4,2,True,100.0
88,2014,Kolkata Knight Riders,Venkatesh Iyer,47,47,7,4,True,100.0
88,2014,Kolkata Knight Riders,Andre Russell,36,36,3,3,False,100.0
88,2014,Kolkata Knight Riders,Nitish Rana,63,68,8,2,True,92.65
88,2014,Mumbai Indians,Rohit Sharma,48,59,7,3,False,81.36
88,2014,Mumbai Indians,Ishan Kishan,65,80,7,5,True,81.25
88,2014,Mumbai Indians,Suryakumar Yadav,29,32,2,0,False,90.62
88,2014,Mumbai Indians,Hardik Pandya,35,35,5,2,True,100.0
89,2014,Punjab Kings,Shikhar Dhawan,63,88,7,1,True,71.59
89,2014,Punjab Kings,Jonny Bairstow,49,63,6,3,True,77.78
89,2014,Punjab Kings,Liam Livingstone,61,81,5,6,True,75.31
89,2014,Punjab Kings,Sam Curran,45,55,4,2,True,81.82
89,2014,Chennai Super Kings,MS Dhoni,82,113,12,2,True,72.57
89,2014,Chennai Super Kings,Ruturaj Gaikwad,51,58,4,5,True,87.93
89,2014,Chennai Super Kings,Devon Conway,0,3,0,0,False,0.0
89,2014,Chennai Super Kings,Ambati Rayudu,77,99,10,2,True,77.78
90,2014,Delhi Capitals,David Warner,42,56,7,3,True,75.0
90,2014,Delhi Capitals,Prithvi Shaw,27,33,3,1,True,81.82
90,2014,Delhi Capitals,Rishabh Pant,73,84,7,3,True,86.9
90,2014,Delhi Capitals,Axar Patel,50,64,6,3,True,78.12
90,2014,Mumbai Indians,Rohit Sharma,24,38,3,0,False,63.16
90,2014,Mumbai Indians,Ishan Kishan,55,55,5,5,False,100.0
90,2014,Mumbai Indians,Suryakumar Yadav,65,93,11,2,True,69.89
90,2014,Mumbai Indians,Hardik Pandya,73,80,10,3,True,91.25
91,2014,Rajasthan Royals,Jos Buttler,10,10,0,1,False,100.0
91,2014,Rajasthan Royals,Sanju Samson,13,13,1,1,False,100.0
91,2014,Rajasthan Royals,Yashasvi Jaiswal,32,36,5,2,True,88.89
91,2014,Rajasthan Royals,Devdutt Padikkal,9,20,1,0,False,45.0
91,2014,Sunrisers Hyderabad,Kane Williamson,36,43,4,1,True,83.72
91,2014,Sunrisers Hyderabad,Abhishek Sharma,59,81,6,2,False,72.84
91,2014,Sunrisers Hyderabad,Rahul Tripathi,41,41,7,1,False,100.0
91,2014,Sunrisers Hyderabad,Nicholas Pooran,42,42,4,4,True,100.0
92,2014,Royal Challengers Bangalore,Virat Kohli,44,50,7,3,False,88.0
92,2014,Royal Challengers Bangalore,Faf du Plessis,44,49,5,3,True,89.8
92,2014,Royal Challengers Bangalore,Glenn Maxwell,44,72,6,3,True,61.11
92,2014,Royal Challengers Bangalore,Dinesh Karthik,24,33,4,2,True,72.73
92,2014,Kolkata Knight Riders,Shreyas Iyer,26,31,3,1,False,83.87
92,2014,Kolkata Knight Riders,Venkatesh Iyer,0,1,0,0,True,0.0
92,2014,Kolkata Knight Riders,Andre Russell,25,30,3,2,False,83.33
92,2014,Kolkata Knight Riders,Nitish Rana,51,57,4,4,True,89.47
93,2014,Delhi Capitals,David Warner,40,50,4,2,False,80.0
93,2014,Delhi Capitals,Prithvi Shaw,43,63,5,1,True,68.25
93,2014,Delhi Capitals,Rishabh Pant,33,38,4,3,True,86.84
93,2014,Delhi Capitals,Axar Patel,11,11,1,0,True,100.0
93,2014,Punjab Kings,Shikhar Dhawan,0,0,0,0,False,0.0
93,2014,Punjab Kings,Jonny Bairstow,15,15,1,1,True,100.0
93,2014,Punjab Kings,Liam Livingstone,44,67,4,1,True,65.67
93,2014,Punjab Kings,Sam Curran,43,54,4,3,True,79.63
94,2014,Chennai Super Kings,MS Dhoni,65,81,7,2,True,80.25
94,2014,Chennai Super Kings,Ruturaj Gaikwad,30,48,3,1,True,62.5
94,2014,Chennai Super Kings,Devon Conway,69,73,6,6,True,94.52
94,2014,Chennai Super Kings,Ambati Rayudu,19,21,2,2,False,90.48
94,2014,Mumbai Indians,Rohit Sharma,49,56,5,4,True,87.5
94,2014,Mumbai Indians,Ishan Kishan,43,43,3,2,False,100.0
94,2014,Mumbai Indians,Suryakumar Yadav,42,52,7,3,True,80.77
94,2014,Mumbai Indians,Hardik Pandya,62,87,11,3,True,71.26
95,2014,Sunrisers Hyderabad,Kane Williamson,40,62,4,1,True,64.52
95,2014,Sunrisers Hyderabad,Abhishek Sharma,64,70,8,2,True,91.43
95,2014,Sunrisers Hyderabad,Rahul Tripathi,36,36,6,3,False,100.0
95,2014,Sunrisers Hyderabad,Nicholas Pooran,0,0,0,0,False,0.0
95,2014,Royal Challengers Bangalore,Virat Kohli,55,56,5,5,True,98.21
95,2014,Royal Challengers Bangalore,Faf du Plessis,27,38,4,3,True,71.05
95,2014,Royal Challengers Bangalore,Glenn Maxwell,60,71,4,5,False,84.51
95,2014,Royal Challengers Bangalore,Dinesh Karthik,44,45,4,3,True,97.78
96,2014,Kolkata Knight Riders,Shreyas Iyer,39,41,3,4,True,95.12
96,2014,Kolkata Knight Riders,Venkatesh Iyer,83,110,8,3,True,75.45
96,2014,Kolkata Knight Riders,Andre Russell,12,18,1,1,True,66.67
96,2014,Kolkata Knight Riders,Nitish Rana,47,62,5,1,True,75.81
96,2014,Rajasthan Royals,Jos Buttler,39,56,4,3,False,69.64
96,2014,Rajasthan Royals,Sanju Samson,2,2,0,0,False,100.0
96,2014,Rajasthan Royals,Yashasvi Jaiswal,19,30,3,0,True,63.33
96,2014,Rajasthan Royals,Devdutt Padikkal,86,111,7,8,True,77.48
97,2014,Delhi Capitals,David Warner,33,33,2,2,True,100.0
97,2014,Delhi Capitals,Prithvi Shaw,66,66,11,5,True,100.0
97,2014,Delhi Capitals,Rishabh Pant,61,69,8,5,False,88.41
97,2014,Delhi Capitals,Axar Patel,44,44,6,4,True,100.0
97,2014,Chennai Super Kings,MS Dhoni,46,46,7,2,True,100.0
97,2014,Chennai Super Kings,Ruturaj Gaikwad,39,39,3,4,True,100.0
97,2014,Chennai Super Kings,Devon Conway,79,79,7,5,False,100.0
97,2014,Chennai Super Kings,Ambati Rayudu,57,65,9,5,True,87.69
98,2014,Punjab Kings,Shikhar Dhawan,82,108,8,5,False,75.93
98,2014,Punjab Kings,Jonny Bairstow,59,66,8,5,True,89.39
98,2014,Punjab Kings,Liam Livingstone,56,56,9,3,False,100.0
98,2014,Punjab Kings,Sam Curran,30,34,3,3,True,88.24
98,2014,Rajasthan Royals,Jos Buttler,56,56,8,3,True,100.0
98,2014,Rajasthan Royals,Sanju Samson,19,26,2,1,True,73.08
98,2014,Rajasthan Royals,Yashasvi Jaiswal,60,60,9,6,True,100.0
98,2014,Rajasthan Royals,Devdutt Padikkal,22,37,2,1,True,59.46
99,2014,Sunrisers Hyderabad,Kane Williamson,42,51,5,3,True,82.35
99,2014,Sunrisers Hyderabad,Abhishek Sharma,34,38,3,3,True,89.47
99,2014,Sunrisers Hyderabad,Rahul Tripathi,34,40,2,3,True,85.0
99,2014,Sunrisers Hyderabad,Nicholas Pooran,17,20,2,0,True,85.0
99,2014,Kolkata Knight Riders,Shreyas Iyer,38,52,3,3,True,73.08
99,2014,Kolkata Knight Riders,Venkatesh Iyer,42,55,7,2,True,76.36
99,2014,Kolkata Knight Riders,Andre Russell,40,42,4,2,False,95.24
99,2014,Kolkata Knight Riders,Nitish Rana,28,38,2,2,False,73.68
100,2014,Mumbai Indians,Rohit Sharma,0,0,0,0,True,0.0
100,2014,Mumbai Indians,Ishan Kishan,55,66,8,3,False,83.33
100,2014,Mumbai Indians,Suryakumar Yadav,36,52,4,1,True,69.23
100,2014,Mumbai Indians,Hardik Pandya,72,79,9,6,True,91.14
100,2014,Royal Challengers Bangalore,Virat Kohli,61,67,9,7,True,91.04
100,2014,Royal Challengers Bangalore,Faf du Plessis,0,0,0,0,True,0.0
100,2014,Royal Challengers Bangalore,Glenn Maxwell,30,38,5,1,False,78.95
100,2014,Royal Challengers Bangalore,Dinesh Karthik,12,12,1,1,True,100.0
101,2014,Kolkata Knight Riders,Shreyas Iyer,32,32,2,1,False,100.0
101,2014,Kolkata Knight Riders,Venkatesh Iyer,56,75,8,3,False,74.67
101,2014,Kolkata Knight Riders,Andre Russell,36,36,4,1,True,100.0
101,2014,Kolkata Knight Riders,Nitish Rana,66,74,8,3,True,89.19
101,2014,Royal Challengers Bangalore,Virat Kohli,35,52,5,2,True,67.31
101,2014,Royal Challengers Bangalore,Faf du Plessis,3,5,0,0,True,60.0
101,2014,Royal Challengers Bangalore,Glenn Maxwell,51,84,9,3,True,60.71
101,2014,Royal Challengers Bangalore,Dinesh Karthik,56,69,10,3,True,81.16
102,2014,Rajasthan Royals,Jos Buttler,32,39,4,1,True,82.05
102,2014,Rajasthan Royals,Sanju Samson,77,91,12,4,True,84.62
102,2014,Rajasthan Royals,Yashasvi Jaiswal,38,38,6,3,True,100.0
102,2014,Rajasthan Royals,Devdutt Padikkal,55,79,7,5,True,69.62
102,2014,Mumbai Indians,Rohit Sharma,91,105,7,4,True,86.67
102,2014,Mumbai Indians,Ishan Kishan,46,60,5,4,True,76.67
102,2014,Mumbai Indians,Suryakumar Yadav,35,35,3,4,True,100.0
102,2014,Mumbai Indians,Hardik Pandya,44,52,4,4,True,84.62
103,2014,Chennai Super Kings,MS Dhoni,45,53,3,4,False,84.91
103,2014,Chennai Super Kings,Ruturaj Gaikwad,43,52,6,4,False,82.69
103,2014,Chennai Super Kings,Devon Conway,21,25,3,2,False,84.0
103,2014,Chennai Super Kings,Ambati Rayudu,41,43,4,4,True,95.35
103,2014,Delhi Capitals,David Warner,56,71,8,2,True,78.87
103,2014,Delhi Capitals,Prithvi Shaw,44,58,4,2,True,75.86
103,2014,Delhi Capitals,Rishabh Pant,38,45,5,3,False,84.44
103,2014,Delhi Capitals,Axar Patel,16,26,2,1,True,61.54
104,2014,Sunrisers Hyderabad,Kane Williamson,27,32,3,1,True,84.38
104,2014,Sunrisers Hyderabad,Abhishek Sharma,46,55,7,4,True,83.64
104,2014,Sunrisers Hyderabad,Rahul Tripathi,30,30,4,1,True,100.0
104,2014,Sunrisers Hyderabad,Nicholas Pooran,58,87,6,3,True,66.67
104,2014,Punjab Kings,Shikhar Dhawan,44,48,7,2,True,91.67
104,2014,Punjab Kings,Jonny Bairstow,58,71,10,5,True,81.69
104,2014,Punjab Kings,Liam Livingstone,23,44,2,0,True,52.27
104,2014,Punjab Kings,Sam Curran,36,57,3,2,False,63.16
105,2014,Royal Challengers Bangalore,Virat Kohli,49,60,6,3,False,81.67
105,2014,Royal Challengers Bangalore,Faf du Plessis,46,46,5,2,False,100.0
105,2014,Royal Challengers Bangalore,Glenn Maxwell,47,58,4,1,True,81.03
105,2014,Royal Challengers Bangalore,Dinesh Karthik,47,52,6,4,True,90.38
105,2014,Rajasthan Royals,Jos Buttler,84,100,7,5,True,84.0
105,2014,Rajasthan Royals,Sanju Samson,75,91,7,7,True,82.42
105,2014,Rajasthan Royals,Yashasvi Jaiswal,84,105,10,3,True,80.0
105,2014,Rajasthan Royals,Devdutt Padikkal,91,113,10,10,True,80.53
106,2014,Chennai Super Kings,MS Dhoni,63,72,10,4,False,87.5
106,2014,Chennai Super Kings,Ruturaj Gaikwad,23,23,3,2,True,100.0
106,2014,Chennai Super Kings,Devon Conway,27,40,2,1,True,67.5
106,2014,Chennai Super Kings,Ambati Rayudu,20,20,1,1,True,100.0
106,2014,Kolkata Knight Riders,Shreyas Iyer,24,41,3,1,True,58.54
106,2014,Kolkata Knight Riders,Venkatesh Iyer,29,41,4,1,True,70.73
106,2014,Kolkata Knight Riders,Andre Russell,37,56,5,2,False,66.07
106,2014,Kolkata Knight Riders,Nitish Rana,38,50,3,2,True,76.0
107,2014,Mumbai Indians,Rohit Sharma,19,19,2,0,False,100.0
107,2014,Mumbai Indians,Ishan Kishan,57,57,9,4,True,100.0
107,2014,Mumbai Indians,Suryakumar Yadav,23,41,3,1,True,56.1
107,2014,Mumbai Indians,Hardik Pandya,33,53,3,2,False,62.26
107,2014,Delhi Capitals,David Warner,34,34,3,2,True,100.0
107,2014,Delhi Capitals,Prithvi Shaw,24,25,2,0,True,96.0
107,2014,Delhi Capitals,Rishabh Pant,32,46,4,2,False,69.57
107,2014,Delhi Capitals,Axar Patel,56,72,4,4,False,77.78
108,2014,Sunrisers Hyderabad,Kane Williamson,47,70,4,5,True,67.14
108,2014,Sunrisers Hyderabad,Abhishek Sharma,54,54,9,1,True,100.0
108,2014,Sunrisers Hyderabad,Rahul Tripathi,53,53,8,3,False,100.0
108,2014,Sunrisers Hyderabad,Nicholas Pooran,40,50,7,2,True,80.0
108,2014,Punjab Kings,Shikhar Dhawan,84,106,8,9,True,79.25
108,2014,Punjab Kings,Jonny Bairstow,24,28,3,2,True,85.71
108,2014,Punjab Kings,Liam Livingstone,38,50,5,2,True,76.0
108,2014,Punjab Kings,Sam Curran,21,21,2,2,True,100.0
109,2014,Royal Challengers Bangalore,Virat Kohli,20,20,3,1,False,100.0
109,2014,Royal Challengers Bangalore,Faf du Plessis,48,52,6,3,True,92.31
109,2014,Royal Challengers Bangalore,Glenn Maxwell,62,78,10,6,False,79.49
109,2014,Royal Challengers Bangalore,Dinesh Karthik,74,90,8,4,True,82.22
109,2014,Kolkata Knight Riders,Shreyas Iyer,36,36,6,1,True,100.0
109,2014,Kolkata Knight Riders,Venkatesh Iyer,55,57,7,3,True,96.49
109,2014,Kolkata Knight Riders,Andre Russell,62,79,10,6,True,78.48
109,2014,Kolkata Knight Riders,Nitish Rana,55,61,8,4,True,90.16
110,2014,Delhi Capitals,David Warner,48,64,7,4,False,75.0
110,2014,Delhi Capitals,Prithvi Shaw,59,79,6,2,True,74.68
110,2014,Delhi Capitals,Rishabh Pant,59,66,7,3,False,89.39
110,2014,Delhi Capitals,Axar Patel,22,22,1,1,True,100.0
110,2014,Mumbai Indians,Rohit Sharma,13,13,1,0,True,100.0
110,2014,Mumbai Indians,Ishan Kishan,56,56,6,6,True,100.0
110,2014,Mumbai Indians,Suryakumar Yadav,3,6,0,0,True,50.0
110,2014,Mumbai Indians,Hardik Pandya,37,50,3,3,True,74.0
111,2014,Chennai Super Kings,MS Dhoni,46,46,4,3,True,100.0
111,2014,Chennai Super Kings,Ruturaj Gaikwad,51,53,8,1,False,96.23
111,2014,Chennai Super Kings,Devon Conway,88,103,11,6,False,85.44
111,2014,Chennai Super Kings,Ambati Rayudu,48,73,4,1,False,65.75
111,2014,Sunrisers Hyderabad,Kane Williamson,75,87,12,6,False,86.21
111,2014,Sunrisers Hyderabad,Abhishek Sharma,27,44,2,2,True,61.36
111,2014,Sunrisers Hyderabad,Rahul Tripathi,17,35,2,1,True,48.57
111,2014,Sunrisers Hyderabad,Nicholas Pooran,36,45,5,3,True,80.0
112,2014,Punjab Kings,Shikhar Dhawan,23,23,3,2,True,100.0
112,2014,Punjab Kings,Jonny Bairstow,28,34,2,1,True,82.35
112,2014,Punjab Kings,Liam Livingstone,15,29,2,0,True,51.72
112,2014,Punjab Kings,Sam Curran,47,56,4,2,False,83.93
112,2014,Rajasthan Royals,Jos Buttler,55,63,4,5,True,87.3
112,2014,Rajasthan Royals,Sanju Samson,44,52,7,2,True,84.62
112,2014,Rajasthan Royals,Yashasvi Jaiswal,69,93,12,5,True,74.19
112,2014,Rajasthan Royals,Devdutt Padikkal,50,64,5,2,False,78.12
113,2015,Chennai Super Kings,MS Dhoni,36,64,3,3,True,56.25
113,2015,Chennai Super Kings,Ruturaj Gaikwad,65,65,8,6,False,100.0
113,2015,Chennai Super Kings,Devon Conway,46,46,7,4,False,100.0
113,2015,Chennai Super Kings,Ambati Rayudu,32,32,4,1,True,100.0
113,2015,Punjab Kings,Shikhar Dhawan,33,33,2,3,True,100.0
113,2015,Punjab Kings,Jonny Bairstow,58,72,6,4,True,80.56
113,2015,Punjab Kings,Liam Livingstone,55,61,8,3,True,90.16
113,2015,Punjab Kings,Sam Curran,34,34,3,3,True,100.0
114,2015,Rajasthan Royals,Jos Buttler,46,46,5,4,True,100.0
114,2015,Rajasthan Royals,Sanju Samson,19,21,2,1,True,90.48
114,2015,Rajasthan Royals,Yashasvi Jaiswal,46,46,5,4,False,100.0
114,2015,Rajasthan Royals,Devdutt Padikkal,25,36,3,1,True,69.44
114,2015,Delhi Capitals,David Warner,41,55,6,1,True,74.55
114,2015,Delhi Capitals,Prithvi Shaw,63,75,8,7,True,84.0
114,2015,Delhi Capitals,Rishabh Pant,25,29,4,1,False,86.21
114,2015,Delhi Capitals,Axar Patel,81,99,12,3,True,81.82
115,2015,Royal Challengers Bangalore,Virat Kohli,28,33,2,1,True,84.85
115,2015,Royal Challengers Bangalore,Faf du Plessis,38,47,4,1,True,80.85
115,2015,Royal Challengers Bangalore,Glenn Maxwell,65,98,9,3,False,66.33
115,2015,Royal Challengers Bangalore,Dinesh Karthik,38,38,5,1,True,100.0
115,2015,Sunrisers Hyderabad,Kane Williamson,46,57,7,3,True,80.7
115,2015,Sunrisers Hyderabad,Abhishek Sharma,27,27,4,2,True,100.0
115,2015,Sunrisers Hyderabad,Rahul Tripathi,36,36,4,3,True,100.0
115,2015,Sunrisers Hyderabad,Nicholas Pooran,42,48,6,1,False,87.5
116,2015,Kolkata Knight Riders,Shreyas Iyer,63,93,10,2,True,67.74
116,2015,Kolkata Knight Riders,Venkatesh Iyer,47,66,6,1,True,71.21
116,2015,Kolkata Knight Riders,Andre Russell,58,68,6,4,True,85.29
116,2015,Kolkata Knight Riders,Nitish Rana,50,50,7,5,True,100.0
116,2015,Mumbai Indians,Rohit Sharma,65,85,9,4,True,76.47
116,2015,Mumbai Indians,Ishan Kishan,52,57,7,5,True,91.23
116,2015,Mumbai Indians,Suryakumar Yadav,45,49,6,2,True,91.84
116,2015,Mumbai Indians,Hardik Pandya,55,78,7,3,True,70.51
117,2015,Punjab Kings,Shikhar Dhawan,79,100,9,6,True,79.0
117,2015,Punjab Kings,Jonny Bairstow,47,57,7,3,True,82.46
117,2015,Punjab Kings,Liam Livingstone,48,48,8,3,True,100.0
117,2015,Punjab Kings,Sam Curran,49,49,8,4,True,100.0
117,2015,Sunrisers Hyderabad,Kane Williamson,30,30,4,2,True,100.0
117,2015,Sunrisers Hyderabad,Abhishek Sharma,42,57,4,3,True,73.68
117,2015,Sunrisers Hyderabad,Rahul Tripathi,27,60,3,1,False,45.0
117,2015,Sunrisers Hyderabad,Nicholas Pooran,19,24,2,2,False,79.17
118,2015,Royal Challengers Bangalore,Virat Kohli,62,77,5,6,True,80.52
118,2015,Royal Challengers Bangalore,Faf du Plessis,0,0,0,0,False,0.0
118,2015,Royal Challengers Bangalore,Glenn Maxwell,41,51,3,1,True,80.39
118,2015,Royal Challengers Bangalore,Dinesh Karthik,54,65,6,4,False,83.08
118,2015,Kolkata Knight Riders,Shreyas Iyer,40,59,5,2,True,67.8
118,2015,Kolkata Knight Riders,Venkatesh Iyer,49,55,5,2,True,89.09
118,2015,Kolkata Knight Riders,Andre Russell,47,49,8,4,True,95.92
118,2015,Kolkata Knight Riders,Nitish Rana,67,88,10,2,True,76.14
119,2015,Rajasthan Royals,Jos Buttler,59,66,9,6,True,89.39
119,2015,Rajasthan Royals,Sanju Samson,46,61,6,1,True,75.41
119,2015,Rajasthan Royals,Yashasvi Jaiswal,44,70,4,2,True,62.86
119,2015,Rajasthan Royals,Devdutt Padikkal,46,46,5,2,False,100.0
119,2015,Chennai Super Kings,MS Dhoni,47,52,7,2,True,90.38
119,2015,Chennai Super Kings,Ruturaj Gaikwad,58,83,7,2,True,69.88
119,2015,Chennai Super Kings,Devon Conway,25,35,3,1,True,71.43
119,2015,Chennai Super Kings,Ambati Rayudu,41,51,3,3,True,80.39
120,2015,Delhi Capitals,David Warner,32,32,3,2,True,100.0
120,2015,Delhi Capitals,Prithvi Shaw,3,3,0,0,False,100.0
120,2015,Delhi Capitals,Rishabh Pant,23,36,3,0,False,63.89
120,2015,Delhi Capitals,Axar Patel,0,2,0,0,False,0.0
120,2015,Mumbai Indians,Rohit Sharma,39,66,6,2,True,59.09
120,2015,Mumbai Indians,Ishan Kishan,86,101,7,4,True,85.15
120,2015,Mumbai Indians,Suryakumar Yadav,38,51,5,1,False,74.51
120,2015,Mumbai Indians,Hardik Pandya,52,69,5,2,True,75.36
121,2015,Rajasthan Royals,Jos Buttler,53,84,9,3,True,63.1
121,2015,Rajasthan Royals,Sanju Samson,95,95,10,6,True,100.0
121,2015,Rajasthan Royals,Yashasvi Jaiswal,50,61,5,1,True,81.97
121,2015,Rajasthan Royals,Devdutt Padikkal,22,28,3,2,False,78.57
121,2015,Kolkata Knight Riders,Shreyas Iyer,19,30,2,1,True,63.33
121,2015,Kolkata Knight Riders,Venkatesh Iyer,48,49,4,5,True,97.96
121,2015,Kolkata Knight Riders,Andre Russell,43,45,5,2,True,95.56
121,2015,Kolkata Knight Riders,Nitish Rana,18,18,1,1,True,100.0
122,2015,Royal Challengers Bangalore,Virat Kohli,31,31,3,3,True,100.0
122,2015,Royal Challengers Bangalore,Faf du Plessis,13,27,1,1,True,48.15
122,2015,Royal Challengers Bangalore,Glenn Maxwell,67,70,5,6,True,95.71
122,2015,Royal Challengers Bangalore,Dinesh Karthik,29,33,2,3,True,87.88
122,2015,Delhi Capitals,David Warner,61,61,5,4,True,100.0
122,2015,Delhi Capitals,Prithvi Shaw,51,87,6,3,True,58.62
122,2015,Delhi Capitals,Rishabh Pant,42,42,4,3,True,100.0
122,2015,Delhi Capitals,Axar Patel,58,73,6,2,True,79.45
123,2015,Chennai Super Kings,MS Dhoni,59,61,7,3,True,96.72
123,2015,Chennai Super Kings,Ruturaj Gaikwad,34,38,3,3,True,89.47
123,2015,Chennai Super Kings,Devon Conway,42,42,4,2,True,100.0
123,2015,Chennai Super Kings,Ambati Rayudu,45,56,4,2,True,80.36
123,2015,Mumbai Indians,Rohit Sharma,61,70,10,6,False,87.14
123,2015,Mumbai Indians,Ishan Kishan,21,30,3,0,False,70.0
123,2015,Mumbai Indians,Suryakumar Yadav,68,77,8,2,True,88.31
123,2015,Mumbai Indians,Hardik Pandya,39,57,3,4,True,68.42
124,2015,Sunrisers Hyderabad,Kane Williamson,56,82,6,5,True,68.29
124,2015,Sunrisers Hyderabad,Abhishek Sharma,35,52,4,2,True,67.31
124,2015,Sunrisers Hyderabad,Rahul Tripathi,0,0,0,0,True,0.0
124,2015,Sunrisers Hyderabad,Nicholas Pooran,65,68,7,7,True,95.59
124,2015,Punjab Kings,Shikhar Dhawan,31,42,3,1,True,73.81
124,2015,Punjab Kings,Jonny Bairstow,67,80,11,4,True,83.75
124,2015,Punjab Kings,Liam Livingstone,35,48,5,1,False,72.92
124,2015,Punjab Kings,Sam Curran,23,30,2,1,False,76.67
125,2015,Delhi Capitals,David Warner,58,58,8,5,True,100.0
125,2015,Delhi Capitals,Prithvi Shaw,64,89,11,7,False,71.91
125,2015,Delhi Capitals,Rishabh Pant,30,45,4,2,True,66.67
125,2015,Delhi Capitals,Axar Patel,67,76,6,4,True,88.16
125,2015,Kolkata Knight Riders,Shreyas Iyer,50,55,8,2,False,90.91
125,2015,Kolkata Knight Riders,Venkatesh Iyer,34,55,5,3,True,61.82
125,2015,Kolkata Knight Riders,Andre Russell,26,33,3,1,False,78.79
125,2015,Kolkata Knight Riders,Nitish Rana,11,15,1,0,True,73.33
126,2015,Rajasthan Royals,Jos Buttler,47,50,6,5,False,94.0
126,2015,Rajasthan Royals,Sanju Samson,39,43,5,1,True,90.7
126,2015,Rajasthan Royals,Yashasvi Jaiswal,71,91,12,6,True,78.02
126,2015,Rajasthan Royals,Devdutt Padikkal,43,43,6,2,True,100.0
126,2015,Chennai Super Kings,MS Dhoni,49,66,8,1,False,74.24
126,2015,Chennai Super Kings,Ruturaj Gaikwad,22,31,3,2,True,70.97
126,2015,Chennai Super Kings,Devon Conway,22,31,3,1,True,70.97
126,2015,Chennai Super Kings,Ambati Rayudu,23,23,3,1,True,100.0
127,2015,Mumbai Indians,Rohit Sharma,36,44,6,4,True,81.82
127,2015,Mumbai Indians,Ishan Kishan,33,42,5,2,True,78.57
127,2015,Mumbai Indians,Suryakumar Yadav,27,28,3,1,True,96.43
127,2015,Mumbai Indians,Hardik Pandya,45,48,7,4,False,93.75
127,2015,Sunrisers Hyderabad,Kane Williamson,12,12,1,0,True,100.0
127,2015,Sunrisers Hyderabad,Abhishek Sharma,50,79,5,2,True,63.29
127,2015,Sunrisers Hyderabad,Rahul Tripathi,62,82,9,5,True,75.61
127,2015,Sunrisers Hyderabad,Nicholas Pooran,41,50,5,4,True,82.0
128,2015,Punjab Kings,Shikhar Dhawan,48,57,7,5,True,84.21
128,2015,Punjab Kings,Jonny Bairstow,38,50,4,4,False,76.0
128,2015,Punjab Kings,Liam Livingstone,63,75,8,3,True,84.0
128,2015,Punjab Kings,Sam Curran,76,112,11,5,True,67.86
128,2015,Royal Challengers Bangalore,Virat Kohli,22,22,3,0,False,100.0
128,2015,Royal Challengers Bangalore,Faf du Plessis,53,53,9,4,True,100.0
128,2015,Royal Challengers Bangalore,Glenn Maxwell,23,40,2,2,False,57.5
128,2015,Royal Challengers Bangalore,Dinesh Karthik,18,34,1,0,True,52.94
129,2015,Royal Challengers Bangalore,Virat Kohli,26,31,2,1,True,83.87
129,2015,Royal Challengers Bangalore,Faf du Plessis,44,44,3,1,True,100.0
129,2015,Royal Challengers Bangalore,Glenn Maxwell,39,39,3,2,True,100.0
129,2015,Royal Challengers Bangalore,Dinesh Karthik,36,36,6,1,True,100.0
129,2015,Mumbai Indians,Rohit Sharma,70,82,6,8,True,85.37
129,2015,Mumbai Indians,Ishan Kishan,61,69,8,4,True,88.41
129,2015,Mumbai Indians,Suryakumar Yadav,24,31,3,1,False,77.42
129,2015,Mumbai Indians,Hardik Pandya,35,41,2,3,True,85.37
130,2015,Delhi Capitals,David Warner,37,48,4,1,True,77.08
130,2015,Delhi Capitals,Prithvi Shaw,61,69,10,2,True,88.41
130,2015,Delhi Capitals,Rishabh Pant,47,48,7,4,True,97.92
130,2015,Delhi Capitals,Axar Patel,36,36,3,3,True,100.0
130,2015,Rajasthan Royals,Jos Buttler,31,44,5,1,True,70.45
130,2015,Rajasthan Royals,Sanju Samson,63,82,7,7,True,76.83
130,2015,Rajasthan Royals,Yashasvi Jaiswal,55,55,5,3,True,100.0
130,2015,Rajasthan Royals,Devdutt Padikkal,39,58,5,2,True,67.24
131,2015,Kolkata Knight Riders,Shreyas Iyer,74,79,11,2,False,93.67
131,2015,Kolkata Knight Riders,Venkatesh Iyer,31,31,3,1,True,100.0
131,2015,Kolkata Knight Riders,Andre Russell,53,68,5,1,True,77.94
131,2015,Kolkata Knight Riders,Nitish Rana,13,13,1,0,False,100.0
131,2015,Sunrisers Hyderabad,Kane Williamson,50,53,8,3,True,94.34
131,2015,Sunrisers Hyderabad,Abhishek Sharma,67,82,11,3,True,81.71
131,2015,Sunrisers Hyderabad,Rahul Tripathi,20,20,1,2,True,100.0
131,2015,Sunrisers Hyderabad,Nicholas Pooran,84,104,8,9,False,80.77
132,2015,Chennai Super Kings,MS Dhoni,25,25,3,1,True,100.0
132,2015,Chennai Super Kings,Ruturaj Gaikwad,43,57,7,1,False,75.44
132,2015,Chennai Super Kings,Devon Conway,57,60,5,6,True,95.0
132,2015,Chennai Super Kings,Ambati Rayudu,55,55,6,4,False,100.0
132,2015,Punjab Kings,Shikhar Dhawan,52,59,6,3,True,88.14
132,2015,Punjab Kings,Jonny Bairstow,57,67,6,4,False,85.07
132,2015,Punjab Kings,Liam Livingstone,37,56,5,4,True,66.07
132,2015,Punjab Kings,Sam Curran,25,26,2,1,True,96.15
133,2015,Rajasthan Royals,Jos Buttler,86,108,11,8,True,79.63
133,2015,Rajasthan Royals,Sanju Samson,35,48,4,3,True,72.92
133,2015,Rajasthan Royals,Yashasvi Jaiswal,40,43,5,4,False,93.02
133,2015,Rajasthan Royals,Devdutt Padikkal,9,9,1,0,False,100.0
133,2015,Mumbai Indians,Rohit Sharma,40,47,4,2,False,85.11
133,2015,Mumbai Indians,Ishan Kishan,73,96,8,6,True,76.04
133,2015,Mumbai Indians,Suryakumar Yadav,46,70,5,4,True,65.71
133,2015,Mumbai Indians,Hardik Pandya,59,70,4,3,True,84.29
134,2015,Punjab Kings,Shikhar Dhawan,38,50,6,3,True,76.0
134,2015,Punjab Kings,Jonny Bairstow,26,26,2,1,True,100.0
134,2015,Punjab Kings,Liam Livingstone,42,42,4,3,False,100.0
134,2015,Punjab Kings,Sam Curran,42,42,3,3,True,100.0
134,2015,Kolkata Knight Riders,Shreyas Iyer,23,40,2,0,True,57.5
134,2015,Kolkata Knight Riders,Venkatesh Iyer,56,72,9,6,False,77.78
134,2015,Kolkata Knight Riders,Andre Russell,60,64,8,3,False,93.75
134,2015,Kolkata Knight Riders,Nitish Rana,57,69,5,2,True,82.61
135,2015,Sunrisers Hyderabad,Kane Williamson,33,48,3,3,False,68.75
135,2015,Sunrisers Hyderabad,Abhishek Sharma,49,68,4,2,True,72.06
135,2015,Sunrisers Hyderabad,Rahul Tripathi,27,27,4,2,True,100.0
135,2015,Sunrisers Hyderabad,Nicholas Pooran,42,54,6,2,True,77.78
135,2015,Delhi Capitals,David Warner,42,51,5,2,True,82.35
135,2015,Delhi Capitals,Prithvi Shaw,51,70,5,3,False,72.86
135,2015,Delhi Capitals,Rishabh Pant,28,28,2,2,True,100.0
135,2015,Delhi Capitals,Axar Patel,25,31,3,2,True,80.65
136,2015,Chennai Super Kings,MS Dhoni,92,105,11,10,True,87.62
136,2015,Chennai Super Kings,Ruturaj Gaikwad,57,72,6,2,True,79.17
136,2015,Chennai Super Kings,Devon Conway,40,54,5,4,True,74.07
136,2015,Chennai Super Kings,Ambati Rayudu,27,39,2,2,True,69.23
136,2015,Royal Challengers Bangalore,Virat Kohli,22,26,2,2,False,84.62
136,2015,Royal Challengers Bangalore,Faf du Plessis,39,42,6,2,True,92.86
136,2015,Royal Challengers Bangalore,Glenn Maxwell,25,47,2,2,False,53.19
136,2015,Royal Challengers Bangalore,Dinesh Karthik,56,73,6,2,True,76.71
137,2015,Mumbai Indians,Rohit Sharma,17,27,2,0,False,62.96
137,2015,Mumbai Indians,Ishan Kishan,41,45,4,2,True,91.11
137,2015,Mumbai Indians,Suryakumar Yadav,6,6,0,0,False,100.0
137,2015,Mumbai Indians,Hardik Pandya,53,53,7,3,True,100.0
137,2015,Sunrisers Hyderabad,Kane Williamson,49,67,8,3,True,73.13
137,2015,Sunrisers Hyderabad,Abhishek Sharma,56,64,5,2,True,87.5
137,2015,Sunrisers Hyderabad,Rahul Tripathi,42,42,3,2,False,100.0
137,2015,Sunrisers Hyderabad,Nicholas Pooran,63,70,5,3,False,90.0
138,2015,Punjab Kings,Shikhar Dhawan,41,47,6,3,True,87.23
138,2015,Punjab Kings,Jonny Bairstow,81,96,12,6,True,84.38
138,2015,Punjab Kings,Liam Livingstone,22,22,3,1,True,100.0
138,2015,Punjab Kings,Sam Curran,18,24,2,0,True,75.0
138,2015,Delhi Capitals,David Warner,25,26,2,2,True,96.15
138,2015,Delhi Capitals,Prithvi Shaw,86,111,11,6,False,77.48
138,2015,Delhi Capitals,Rishabh Pant,31,31,4,2,True,100.0
138,2015,Delhi Capitals,Axar Patel,34,50,4,1,True,68.0
139,2015,Chennai Super Kings,MS Dhoni,29,40,3,2,False,72.5
139,2015,Chennai Super Kings,Ruturaj Gaikwad,23,32,3,1,True,71.88
139,2015,Chennai Super Kings,Devon Conway,29,29,3,1,True,100.0
139,2015,Chennai Super Kings,Ambati Rayudu,35,38,4,1,False,92.11
139,2015,Royal Challengers Bangalore,Virat Kohli,25,25,3,2,False,100.0
139,2015,Royal Challengers Bangalore,Faf du Plessis,30,33,2,3,True,90.91
139,2015,Royal Challengers Bangalore,Glenn Maxwell,10,13,1,0,True,76.92
139,2015,Royal Challengers Bangalore,Dinesh Karthik,44,45,4,2,True,97.78
140,2015,Rajasthan Royals,Jos Buttler,28,43,3,1,True,65.12
140,2015,Rajasthan Royals,Sanju Samson,62,73,7,5,True,84.93
140,2015,Rajasthan Royals,Yashasvi Jaiswal,34,35,3,3,True,97.14
140,2015,Rajasthan Royals,Devdutt Padikkal,12,24,1,0,True,50.0
140,2015,Kolkata Knight Riders,Shreyas Iyer,40,49,6,1,True,81.63
140,2015,Kolkata Knight Riders,Venkatesh Iyer,17,17,2,2,False,100.0
140,2015,Kolkata Knight Riders,Andre Russell,40,40,4,1,True,100.0
140,2015,Kolkata Knight Riders,Nitish Rana,41,47,3,1,True,87.23
141,2016,Delhi Capitals,David Warner,45,50,5,4,True,90.0
141,2016,Delhi Capitals,Prithvi Shaw,60,73,9,6,False,82.19
141,2016,Delhi Capitals,Rishabh Pant,65,75,6,7,True,86.67
141,2016,Delhi Capitals,Axar Patel,56,60,4,5,True,93.33
141,2016,Kolkata Knight Riders,Shreyas Iyer,33,64,5,1,False,51.56
141,2016,Kolkata Knight Riders,Venkatesh Iyer,21,25,3,1,True,84.0
141,2016,Kolkata Knight Riders,Andre Russell,20,28,2,0,True,71.43
141,2016,Kolkata Knight Riders,Nitish Rana,51,66,4,5,True,77.27
142,2016,Royal Challengers Bangalore,Virat Kohli,44,52,6,1,True,84.62
142,2016,Royal Challengers Bangalore,Faf du Plessis,45,58,6,3,True,77.59
142,2016,Royal Challengers Bangalore,Glenn Maxwell,43,57,4,4,True,75.44
142,2016,Royal Challengers Bangalore,Dinesh Karthik,25,25,3,1,True,100.0
142,2016,Mumbai Indians,Rohit Sharma,40,44,4,2,False,90.91
142,2016,Mumbai Indians,Ishan Kishan,49,63,6,2,True,77.78
142,2016,Mumbai Indians,Suryakumar Yadav,33,33,2,3,True,100.0
142,2016,Mumbai Indians,Hardik Pandya,68,79,9,6,True,86.08
143,2016,Rajasthan Royals,Jos Buttler,16,16,1,0,True,100.0
143,2016,Rajasthan Royals,Sanju Samson,23,30,2,0,True,76.67
143,2016,Rajasthan Royals,Yashasvi Jaiswal,55,69,4,3,False,79.71
143,2016,Rajasthan Royals,Devdutt Padikkal,44,65,6,4,True,67.69
143,2016,Chennai Super Kings,MS Dhoni,30,36,2,3,True,83.33
143,2016,Chennai Super Kings,Ruturaj Gaikwad,37,37,4,3,True,100.0
143,2016,Chennai Super Kings,Devon Conway,51,73,4,2,True,69.86
143,2016,Chennai Super Kings,Ambati Rayudu,68,75,9,4,True,90.67
144,2016,Punjab Kings,Shikhar Dhawan,16,19,1,0,True,84.21
144,2016,Punjab Kings,Jonny Bairstow,73,94,10,4,True,77.66
144,2016,Punjab Kings,Liam Livingstone,5,16,0,0,True,31.25
144,2016,Punjab Kings,Sam Curran,54,60,8,3,False,90.0
144,2016,Sunrisers Hyderabad,Kane Williamson,0,1,0,0,True,0.0
144,2016,Sunrisers Hyderabad,Abhishek Sharma,14,15,1,1,True,93.33
144,2016,Sunrisers Hyderabad,Rahul Tripathi,23,32,3,1,True,71.88
144,2016,Sunrisers Hyderabad,Nicholas Pooran,21,21,3,1,True,100.0
145,2016,Sunrisers Hyderabad,Kane Williamson,33,40,5,3,True,82.5
145,2016,Sunrisers Hyderabad,Abhishek Sharma,38,45,5,2,True,84.44
145,2016,Sunrisers Hyderabad,Rahul Tripathi,56,56,6,2,True,100.0
145,2016,Sunrisers Hyderabad,Nicholas Pooran,65,80,5,6,True,81.25
145,2016,Royal Challengers Bangalore,Virat Kohli,34,58,5,1,True,58.62
145,2016,Royal Challengers Bangalore,Faf du Plessis,52,61,5,6,False,85.25
145,2016,Royal Challengers Bangalore,Glenn Maxwell,59,64,10,3,True,92.19
145,2016,Royal Challengers Bangalore,Dinesh Karthik,10,13,0,0,True,76.92
146,2016,Chennai Super Kings,MS Dhoni,52,74,6,5,True,70.27
146,2016,Chennai Super Kings,Ruturaj Gaikwad,31,31,2,2,True,100.0
146,2016,Chennai Super Kings,Devon Conway,36,43,6,3,True,83.72
146,2016,Chennai Super Kings,Ambati Rayudu,20,20,1,0,False,100.0
146,2016,Punjab Kings,Shikhar Dhawan,24,24,4,1,True,100.0
146,2016,Punjab Kings,Jonny Bairstow,40,52,3,3,True,76.92
146,2016,Punjab Kings,Liam Livingstone,24,40,2,2,False,60.0
146,2016,Punjab Kings,Sam Curran,66,77,8,4,True,85.71
147,2016,Kolkata Knight Riders,Shreyas Iyer,33,33,4,2,True,100.0
147,2016,Kolkata Knight Riders,Venkatesh Iyer,39,47,3,2,True,82.98
147,2016,Kolkata Knight Riders,Andre Russell,13,18,1,0,False,72.22
147,2016,Kolkata Knight Riders,Nitish Rana,49,71,7,2,False,69.01
147,2016,Rajasthan Royals,Jos Buttler,52,57,8,5,True,91.23
147,2016,Rajasthan Royals,Sanju Samson,23,25,2,2,True,92.0
147,2016,Rajasthan Royals,Yashasvi Jaiswal,9,9,0,0,True,100.0
147,2016,Rajasthan Royals,Devdutt Padikkal,21,34,1,1,True,61.76
148,2016,Delhi Capitals,David Warner,29,32,2,1,False,90.62
148,2016,Delhi Capitals,Prithvi Shaw,36,36,5,2,True,100.0
148,2016,Delhi Capitals,Rishabh Pant,43,43,3,1,False,100.0
148,2016,Delhi Capitals,Axar Patel,58,64,9,4,True,90.62
148,2016,Mumbai Indians,Rohit Sharma,39,46,6,3,True,84.78
148,2016,Mumbai Indians,Ishan Kishan,1,5,0,0,True,20.0
148,2016,Mumbai Indians,Suryakumar Yadav,52,66,4,3,True,78.79
148,2016,Mumbai Indians,Hardik Pandya,19,31,2,2,True,61.29
149,2016,Chennai Super Kings,MS Dhoni,76,76,12,4,False,100.0
149,2016,Chennai Super Kings,Ruturaj Gaikwad,46,71,6,1,False,64.79
149,2016,Chennai Super Kings,Devon Conway,49,59,7,5,False,83.05
149,2016,Chennai Super Kings,Ambati Rayudu,22,22,2,1,True,100.0
149,2016,Rajasthan Royals,Jos Buttler,47,56,7,3,False,83.93
149,2016,Rajasthan Royals,Sanju Samson,58,69,6,3,True,84.06
149,2016,Rajasthan Royals,Yashasvi Jaiswal,78,111,10,4,False,70.27
149,2016,Rajasthan Royals,Devdutt Padikkal,10,28,1,0,False,35.71
150,2016,Delhi Capitals,David Warner,10,23,1,0,True,43.48
150,2016,Delhi Capitals,Prithvi Shaw,7,7,0,0,True,100.0
150,2016,Delhi Capitals,Rishabh Pant,75,95,7,3,False,78.95
150,2016,Delhi Capitals,Axar Patel,16,19,1,0,True,84.21
150,2016,Sunrisers Hyderabad,Kane Williamson,33,33,5,3,False,100.0
150,2016,Sunrisers Hyderabad,Abhishek Sharma,34,50,5,2,True,68.0
150,2016,Sunrisers Hyderabad,Rahul Tripathi,55,55,7,1,False,100.0
150,2016,Sunrisers Hyderabad,Nicholas Pooran,19,19,2,1,False,100.0
151,2016,Kolkata Knight Riders,Shreyas Iyer,21,31,3,1,True,67.74
151,2016,Kolkata Knight Riders,Venkatesh Iyer,50,67,8,1,True,74.63
151,2016,Kolkata Knight Riders,Andre Russell,49,56,7,4,True,87.5
151,2016,Kolkata Knight Riders,Nitish Rana,43,52,7,3,True,82.69
151,2016,Punjab Kings,Shikhar Dhawan,13,13,1,1,True,100.0
151,2016,Punjab Kings,Jonny Bairstow,0,0,0,0,True,0.0
151,2016,Punjab Kings,Liam Livingstone,41,41,5,2,True,100.0
151,2016,Punjab Kings,Sam Curran,38,38,4,1,True,100.0
152,2016,Royal Challengers Bangalore,Virat Kohli,52,66,8,2,False,78.79
152,2016,Royal Challengers Bangalore,Faf du Plessis,41,59,4,2,True,69.49
152,2016,Royal Challengers Bangalore,Glenn Maxwell,77,86,7,7,True,89.53
152,2016,Royal Challengers Bangalore,Dinesh Karthik,58,58,5,1,True,100.0
152,2016,Mumbai Indians,Rohit Sharma,24,24,2,1,True,100.0
152,2016,Mumbai Indians,Ishan Kishan,22,38,2,2,True,57.89
152,2016,Mumbai Indians,Suryakumar Yadav,48,76,6,3,True,63.16
152,2016,Mumbai Indians,Hardik Pandya,39,40,6,1,True,97.5
153,2016,Delhi Capitals,David Warner,0,0,0,0,True,0.0
153,2016,Delhi Capitals,Prithvi Shaw,28,29,3,2,True,96.55
153,2016,Delhi Capitals,Rishabh Pant,47,47,4,4,True,100.0
153,2016,Delhi Capitals,Axar Patel,18,30,1,1,True,60.0
153,2016,Rajasthan Royals,Jos Buttler,60,60,6,7,True,100.0
153,2016,Rajasthan Royals,Sanju Samson,44,44,5,3,False,100.0
153,2016,Rajasthan Royals,Yashasvi Jaiswal,37,45,5,1,False,82.22
153,2016,Rajasthan Royals,Devdutt Padikkal,26,42,2,2,False,61.9
154,2016,Chennai Super Kings,MS Dhoni,62,76,6,6,True,81.58
154,2016,Chennai Super Kings,Ruturaj Gaikwad,46,56,6,3,True,82.14
154,2016,Chennai Super Kings,Devon Conway,41,57,3,3,True,71.93
154,2016,Chennai Super Kings,Ambati Rayudu,37,40,3,3,True,92.5
154,2016,Punjab Kings,Shikhar Dhawan,61,68,9,6,True,89.71
154,2016,Punjab Kings,Jonny Bairstow,41,54,5,3,True,75.93
154,2016,Punjab Kings,Liam Livingstone,33,46,2,3,True,71.74
154,2016,Punjab Kings,Sam Curran,57,63,9,2,False,90.48
155,2016,Sunrisers Hyderabad,Kane Williamson,42,58,4,1,True,72.41
155,2016,Sunrisers Hyderabad,Abhishek Sharma,5,5,0,0,True,100.0
155,2016,Sunrisers Hyderabad,Rahul Tripathi,32,46,4,2,True,69.57
155,2016,Sunrisers Hyderabad,Nicholas Pooran,41,56,4,1,True,73.21
155,2016,Royal Challengers Bangalore,Virat Kohli,43,65,6,3,True,66.15
155,2016,Royal Challengers Bangalore,Faf du Plessis,38,45,5,3,False,84.44
155,2016,Royal Challengers Bangalore,Glenn Maxwell,73,73,11,5,True,100.0
155,2016,Royal Challengers Bangalore,Dinesh Karthik,23,27,3,2,True,85.19
156,2016,Mumbai Indians,Rohit Sharma,34,43,3,1,True,79.07
156,2016,Mumbai Indians,Ishan Kishan,64,89,5,7,True,71.91
156,2016,Mumbai Indians,Suryakumar Yadav,28,28,3,3,False,100.0
156,2016,Mumbai Indians,Hardik Pandya,49,54,7,5,True,90.74
156,2016,Kolkata Knight Riders,Shreyas Iyer,31,33,4,3,False,93.94
156,2016,Kolkata Knight Riders,Venkatesh Iyer,53,59,5,3,False,89.83
156,2016,Kolkata Knight Riders,Andre Russell,61,61,8,7,False,100.0
156,2016,Kolkata Knight Riders,Nitish Rana,54,78,5,3,True,69.23
157,2016,Kolkata Knight Riders,Shreyas Iyer,21,31,1,1,True,67.74
157,2016,Kolkata Knight Riders,Venkatesh Iyer,70,74,10,4,False,94.59
157,2016,Kolkata Knight Riders,Andre Russell,72,100,9,2,True,72.0
157,2016,Kolkata Knight Riders,Nitish Rana,59,69,9,4,True,85.51
157,2016,Rajasthan Royals,Jos Buttler,56,85,7,2,False,65.88
157,2016,Rajasthan Royals,Sanju Samson,35,54,4,1,True,64.81
157,2016,Rajasthan Royals,Yashasvi Jaiswal,59,59,9,4,True,100.0
157,2016,Rajasthan Royals,Devdutt Padikkal,24,25,2,2,False,96.0
158,2016,Delhi Capitals,David Warner,32,37,2,3,True,86.49
158,2016,Delhi Capitals,Prithvi Shaw,13,24,2,0,True,54.17
158,2016,Delhi Capitals,Rishabh Pant,0,3,0,0,False,0.0
158,2016,Delhi Capitals,Axar Patel,2,2,0,0,False,100.0
158,2016,Sunrisers Hyderabad,Kane Williamson,0,4,0,0,True,0.0
158,2016,Sunrisers Hyderabad,Abhishek Sharma,4,4,0,0,True,100.0
158,2016,Sunrisers Hyderabad,Rahul Tripathi,0,7,0,0,True,0.0
158,2016,Sunrisers Hyderabad,Nicholas Pooran,46,53,6,2,True,86.79
159,2016,Royal Challengers Bangalore,Virat Kohli,43,56,5,3,True,76.79
159,2016,Royal Challengers Bangalore,Faf du Plessis,36,36,2,1,False,100.0
159,2016,Royal Challengers Bangalore,Glenn Maxwell,27,47,3,1,True,57.45
159,2016,Royal Challengers Bangalore,Dinesh Karthik,48,65,7,2,True,73.85
159,2016,Mumbai Indians,Rohit Sharma,64,69,7,2,True,92.75
159,2016,Mumbai Indians,Ishan Kishan,22,46,1,1,True,47.83
159,2016,Mumbai Indians,Suryakumar Yadav,63,75,6,2,False,84.0
159,2016,Mumbai Indians,Hardik Pandya,64,64,10,3,True,100.0
160,2016,Punjab Kings,Shikhar Dhawan,60,70,9,4,True,85.71
160,2016,Punjab Kings,Jonny Bairstow,66,68,10,3,True,97.06
160,2016,Punjab Kings,Liam Livingstone,68,101,8,5,True,67.33
160,2016,Punjab Kings,Sam Curran,39,39,4,4,False,100.0
160,2016,Chennai Super Kings,MS Dhoni,40,52,5,3,False,76.92
160,2016,Chennai Super Kings,Ruturaj Gaikwad,56,58,7,3,False,96.55
160,2016,Chennai Super Kings,Devon Conway,77,98,8,5,True,78.57
160,2016,Chennai Super Kings,Ambati Rayudu,18,18,3,1,True,100.0
161,2016,Rajasthan Royals,Jos Buttler,37,37,3,3,False,100.0
161,2016,Rajasthan Royals,Sanju Samson,41,41,6,3,True,100.0
161,2016,Rajasthan Royals,Yashasvi Jaiswal,12,20,1,0,True,60.0
161,2016,Rajasthan Royals,Devdutt Padikkal,12,12,1,0,True,100.0
161,2016,Sunrisers Hyderabad,Kane Williamson,33,33,3,3,True,100.0
161,2016,Sunrisers Hyderabad,Abhishek Sharma,46,51,4,2,False,90.2
161,2016,Sunrisers Hyderabad,Rahul Tripathi,48,57,5,3,True,84.21
161,2016,Sunrisers Hyderabad,Nicholas Pooran,71,95,10,6,True,74.74
162,2016,Kolkata Knight Riders,Shreyas Iyer,96,101,15,7,True,95.05
162,2016,Kolkata Knight Riders,Venkatesh Iyer,54,77,5,4,True,70.13
162,2016,Kolkata Knight Riders,Andre Russell,52,73,6,2,True,71.23
162,2016,Kolkata Knight Riders,Nitish Rana,48,64,4,3,False,75.0
162,2016,Chennai Super Kings,MS Dhoni,60,72,9,2,True,83.33
162,2016,Chennai Super Kings,Ruturaj Gaikwad,60,96,6,6,False,62.5
162,2016,Chennai Super Kings,Devon Conway,61,70,7,5,True,87.14
162,2016,Chennai Super Kings,Ambati Rayudu,75,86,8,2,True,87.21
163,2016,Royal Challengers Bangalore,Virat Kohli,19,35,2,1,True,54.29
163,2016,Royal Challengers Bangalore,Faf du Plessis,54,64,6,3,True,84.38
163,2016,Royal Challengers Bangalore,Glenn Maxwell,36,42,5,1,True,85.71
163,2016,Royal Challengers Bangalore,Dinesh Karthik,26,42,2,1,False,61.9
163,2016,Delhi Capitals,David Warner,2,2,0,0,False,100.0
163,2016,Delhi Capitals,Prithvi Shaw,45,54,5,2,True,83.33
163,2016,Delhi Capitals,Rishabh Pant,22,33,1,2,False,66.67
163,2016,Delhi Capitals,Axar Patel,11,21,1,1,True,52.38
164,2016,Punjab Kings,Shikhar Dhawan,60,86,9,3,True,69.77
164,2016,Punjab Kings,Jonny Bairstow,100,127,13,8,False,78.74
164,2016,Punjab Kings,Liam Livingstone,42,45,5,4,True,93.33
164,2016,Punjab Kings,Sam Curran,36,47,3,3,True,76.6
164,2016,Mumbai Indians,Rohit Sharma,34,34,5,2,True,100.0
164,2016,Mumbai Indians,Ishan Kishan,75,77,11,3,False,97.4
164,2016,Mumbai Indians,Suryakumar Yadav,27,51,2,3,False,52.94
164,2016,Mumbai Indians,Hardik Pandya,38,38,6,3,False,100.0
165,2016,Sunrisers Hyderabad,Kane Williamson,22,27,2,2,True,81.48
165,2016,Sunrisers Hyderabad,Abhishek Sharma,73,95,8,6,False,76.84
165,2016,Sunrisers Hyderabad,Rahul Tripathi,1,1,0,0,False,100.0
165,2016,Sunrisers Hyderabad,Nicholas Pooran,25,25,3,2,True,100.0
165,2016,Kolkata Knight Riders,Shreyas Iyer,55,70,5,5,True,78.57
165,2016,Kolkata Knight Riders,Venkatesh Iyer,69,83,8,3,True,83.13
165,2016,Kolkata Knight Riders,Andre Russell,104,130,16,10,True,80.0
165,2016,Kolkata Knight Riders,Nitish Rana,34,46,2,3,True,73.91
166,2016,Rajasthan Royals,Jos Buttler,73,95,12,2,True,76.84
166,2016,Rajasthan Royals,Sanju Samson,53,78,4,5,False,67.95
166,2016,Rajasthan Royals,Yashasvi Jaiswal,16,31,1,1,True,51.61
166,2016,Rajasthan Royals,Devdutt Padikkal,43,44,4,4,True,97.73
166,2016,Mumbai Indians,Rohit Sharma,25,29,3,1,True,86.21
166,2016,Mumbai Indians,Ishan Kishan,17,17,2,0,True,100.0
166,2016,Mumbai Indians,Suryakumar Yadav,33,33,3,2,False,100.0
166,2016,Mumbai Indians,Hardik Pandya,31,31,2,2,True,100.0
167,2016,Royal Challengers Bangalore,Virat Kohli,48,57,6,3,True,84.21
167,2016,Royal Challengers Bangalore,Faf du Plessis,47,51,5,4,False,92.16
167,2016,Royal Challengers Bangalore,Glenn Maxwell,44,44,4,2,True,100.0
167,2016,Royal Challengers Bangalore,Dinesh Karthik,17,27,1,1,True,62.96
167,2016,Delhi Capitals,David Warner,34,42,6,1,True,80.95
167,2016,Delhi Capitals,Prithvi Shaw,21,27,1,2,False,77.78
167,2016,Delhi Capitals,Rishabh Pant,31,31,3,1,True,100.0
167,2016,Delhi Capitals,Axar Patel,31,46,5,1,True,67.39
168,2016,Chennai Super Kings,MS Dhoni,39,64,6,4,False,60.94
168,2016,Chennai Super Kings,Ruturaj Gaikwad,41,58,4,2,True,70.69
168,2016,Chennai Super Kings,Devon Conway,37,47,6,3,False,78.72
168,2016,Chennai Super Kings,Ambati Rayudu,34,47,3,1,True,72.34
168,2016,Punjab Kings,Shikhar Dhawan,75,90,8,7,True,83.33
168,2016,Punjab Kings,Jonny Bairstow,39,58,5,1,True,67.24
168,2016,Punjab Kings,Liam Livingstone,75,83,6,8,False,90.36
168,2016,Punjab Kings,Sam Curran,46,55,4,1,True,83.64
169,2017,Mumbai Indians,Rohit Sharma,51,51,6,1,True,100.0
169,2017,Mumbai Indians,Ishan Kishan,27,37,3,2,True,72.97
169,2017,Mumbai Indians,Suryakumar Yadav,19,19,2,2,True,100.0
169,2017,Mumbai Indians,Hardik Pandya,47,48,7,1,False,97.92
169,2017,Delhi Capitals,David Warner,38,39,3,1,True,97.44
169,2017,Delhi Capitals,Prithvi Shaw,64,93,5,2,True,68.82
169,2017,Delhi Capitals,Rishabh Pant,63,68,6,2,True,92.65
169,2017,Delhi Capitals,Axar Patel,23,23,3,0,True,100.0
170,2017,Punjab Kings,Shikhar Dhawan,44,50,4,3,True,88.0
170,2017,Punjab Kings,Jonny Bairstow,63,75,10,6,True,84.0
170,2017,Punjab Kings,Liam Livingstone,50,50,7,1,True,100.0
170,2017,Punjab Kings,Sam Curran,36,55,4,3,True,65.45
170,2017,Royal Challengers Bangalore,Virat Kohli,45,48,5,4,True,93.75
170,2017,Royal Challengers Bangalore,Faf du Plessis,55,55,5,2,False,100.0
170,2017,Royal Challengers Bangalore,Glenn Maxwell,39,51,4,2,False,76.47
170,2017,Royal Challengers Bangalore,Dinesh Karthik,28,33,4,1,True,84.85
171,2017,Chennai Super Kings,MS Dhoni,0,0,0,0,True,0.0
171,2017,Chennai Super Kings,Ruturaj Gaikwad,28,38,2,2,False,73.68
171,2017,Chennai Super Kings,Devon Conway,39,60,3,3,True,65.0
171,2017,Chennai Super Kings,Ambati Rayudu,46,52,4,5,False,88.46
171,2017,Sunrisers Hyderabad,Kane Williamson,32,33,5,2,True,96.97
171,2017,Sunrisers Hyderabad,Abhishek Sharma,62,73,7,4,False,84.93
171,2017,Sunrisers Hyderabad,Rahul Tripathi,21,21,3,2,False,100.0
171,2017,Sunrisers Hyderabad,Nicholas Pooran,27,42,4,1,False,64.29
172,2017,Kolkata Knight Riders,Shreyas Iyer,40,44,3,2,True,90.91
172,2017,Kolkata Knight Riders,Venkatesh Iyer,27,28,3,2,False,96.43
172,2017,Kolkata Knight Riders,Andre Russell,85,110,8,4,True,77.27
172,2017,Kolkata Knight Riders,Nitish Rana,27,27,3,2,False,100.0
172,2017,Rajasthan Royals,Jos Buttler,61,78,8,3,True,78.21
172,2017,Rajasthan Royals,Sanju Samson,54,55,8,3,True,98.18
172,2017,Rajasthan Royals,Yashasvi Jaiswal,22,22,2,1,False,100.0
172,2017,Rajasthan Royals,Devdutt Padikkal,42,42,4,3,True,100.0
173,2017,Royal Challengers Bangalore,Virat Kohli,39,59,4,2,True,66.1
173,2017,Royal Challengers Bangalore,Faf du Plessis,55,62,9,3,True,88.71
173,2017,Royal Challengers Bangalore,Glenn Maxwell,31,48,4,1,True,64.58
173,2017,Royal Challengers Bangalore,Dinesh Karthik,60,73,9,2,True,82.19
173,2017,Delhi Capitals,David Warner,35,50,6,4,False,70.0
173,2017,Delhi Capitals,Prithvi Shaw,14,16,1,1,True,87.5
173,2017,Delhi Capitals,Rishabh Pant,33,33,2,3,True,100.0
173,2017,Delhi Capitals,Axar Patel,56,72,5,4,False,77.78
174,2017,Rajasthan Royals,Jos Buttler,41,54,4,1,True,75.93
174,2017,Rajasthan Royals,Sanju Samson,46,71,7,4,True,64.79
174,2017,Rajasthan Royals,Yashasvi Jaiswal,68,68,5,2,False,100.0
174,2017,Rajasthan Royals,Devdutt Padikkal,29,43,4,2,True,67.44
174,2017,Chennai Super Kings,MS Dhoni,27,44,4,2,False,61.36
174,2017,Chennai Super Kings,Ruturaj Gaikwad,47,54,4,4,False,87.04
174,2017,Chennai Super Kings,Devon Conway,74,97,8,7,True,76.29
174,2017,Chennai Super Kings,Ambati Rayudu,36,52,4,3,True,69.23
175,2017,Sunrisers Hyderabad,Kane Williamson,60,101,6,1,True,59.41
175,2017,Sunrisers Hyderabad,Abhishek Sharma,35,36,2,1,True,97.22
175,2017,Sunrisers Hyderabad,Rahul Tripathi,32,39,2,1,False,82.05
175,2017,Sunrisers Hyderabad,Nicholas Pooran,28,34,3,2,False,82.35
175,2017,Punjab Kings,Shikhar Dhawan,46,53,7,2,True,86.79
175,2017,Punjab Kings,Jonny Bairstow,45,72,7,4,True,62.5
175,2017,Punjab Kings,Liam Livingstone,33,42,3,3,True,78.57
175,2017,Punjab Kings,Sam Curran,47,72,5,2,True,65.28
176,2017,Kolkata Knight Riders,Shreyas Iyer,49,70,8,5,False,70.0
176,2017,Kolkata Knight Riders,Venkatesh Iyer,16,33,1,0,True,48.48
176,2017,Kolkata Knight Riders,Andre Russell,63,90,10,2,True,70.0
176,2017,Kolkata Knight Riders,Nitish Rana,40,59,3,4,False,67.8
176,2017,Mumbai Indians,Rohit Sharma,62,64,5,4,False,96.88
176,2017,Mumbai Indians,Ishan Kishan,65,65,8,5,False,100.0
176,2017,Mumbai Indians,Suryakumar Yadav,45,47,7,3,True,95.74
176,2017,Mumbai Indians,Hardik Pandya,9,17,0,0,True,52.94
177,2017,Mumbai Indians,Rohit Sharma,44,62,3,3,True,70.97
177,2017,Mumbai Indians,Ishan Kishan,36,36,3,1,True,100.0
177,2017,Mumbai Indians,Suryakumar Yadav,59,62,7,4,True,95.16
177,2017,Mumbai Indians,Hardik Pandya,44,51,3,3,False,86.27
177,2017,Chennai Super Kings,MS Dhoni,31,31,4,1,False,100.0
177,2017,Chennai Super Kings,Ruturaj Gaikwad,59,80,5,5,True,73.75
177,2017,Chennai Super Kings,Devon Conway,40,45,3,3,False,88.89
177,2017,Chennai Super Kings,Ambati Rayudu,61,69,4,2,True,88.41
178,2017,Punjab Kings,Shikhar Dhawan,42,66,3,2,False,63.64
178,2017,Punjab Kings,Jonny Bairstow,59,68,6,4,True,86.76
178,2017,Punjab Kings,Liam Livingstone,86,106,8,7,True,81.13
178,2017,Punjab Kings,Sam Curran,65,85,7,5,False,76.47
178,2017,Rajasthan Royals,Jos Buttler,35,47,5,3,True,74.47
178,2017,Rajasthan Royals,Sanju Samson,47,66,4,1,False,71.21
178,2017,Rajasthan Royals,Yashasvi Jaiswal,18,19,3,1,True,94.74
178,2017,Rajasthan Royals,Devdutt Padikkal,38,53,4,3,True,71.7
179,2017,Sunrisers Hyderabad,Kane Williamson,66,87,9,3,True,75.86
179,2017,Sunrisers Hyderabad,Abhishek Sharma,40,75,5,2,True,53.33
179,2017,Sunrisers Hyderabad,Rahul Tripathi,40,51,6,1,True,78.43
179,2017,Sunrisers Hyderabad,Nicholas Pooran,49,51,4,3,False,96.08
179,2017,Royal Challengers Bangalore,Virat Kohli,23,30,3,2,True,76.67
179,2017,Royal Challengers Bangalore,Faf du Plessis,42,55,4,3,True,76.36
179,2017,Royal Challengers Bangalore,Glenn Maxwell,29,32,4,3,True,90.62
179,2017,Royal Challengers Bangalore,Dinesh Karthik,48,49,5,2,True,97.96
180,2017,Delhi Capitals,David Warner,48,55,5,1,False,87.27
180,2017,Delhi Capitals,Prithvi Shaw,55,82,7,1,True,67.07
180,2017,Delhi Capitals,Rishabh Pant,67,67,8,7,True,100.0
180,2017,Delhi Capitals,Axar Patel,38,45,3,3,True,84.44
180,2017,Kolkata Knight Riders,Shreyas Iyer,74,100,5,8,False,74.0
180,2017,Kolkata Knight Riders,Venkatesh Iyer,56,74,6,6,True,75.68
180,2017,Kolkata Knight Riders,Andre Russell,34,42,5,1,True,80.95
180,2017,Kolkata Knight Riders,Nitish Rana,78,96,11,3,True,81.25
181,2017,Delhi Capitals,David Warner,61,72,7,4,True,84.72
181,2017,Delhi Capitals,Prithvi Shaw,71,82,9,4,True,86.59
181,2017,Delhi Capitals,Rishabh Pant,46,50,4,1,True,92.0
181,2017,Delhi Capitals,Axar Patel,65,86,8,7,False,75.58
181,2017,Kolkata Knight Riders,Shreyas Iyer,26,27,3,2,True,96.3
181,2017,Kolkata Knight Riders,Venkatesh Iyer,48,55,3,2,True,87.27
181,2017,Kolkata Knight Riders,Andre Russell,33,54,2,2,True,61.11
181,2017,Kolkata Knight Riders,Nitish Rana,46,47,5,2,True,97.87
182,2017,Sunrisers Hyderabad,Kane Williamson,31,48,4,2,True,64.58
182,2017,Sunrisers Hyderabad,Abhishek Sharma,42,50,4,3,True,84.0
182,2017,Sunrisers Hyderabad,Rahul Tripathi,40,40,4,1,True,100.0
182,2017,Sunrisers Hyderabad,Nicholas Pooran,22,26,2,0,True,84.62
182,2017,Royal Challengers Bangalore,Virat Kohli,24,48,2,0,True,50.0
182,2017,Royal Challengers Bangalore,Faf du Plessis,39,39,5,4,True,100.0
182,2017,Royal Challengers Bangalore,Glenn Maxwell,36,39,3,4,False,92.31
182,2017,Royal Challengers Bangalore,Dinesh Karthik,28,31,4,3,False,90.32
183,2017,Punjab Kings,Shikhar Dhawan,61,70,6,3,True,87.14
183,2017,Punjab Kings,Jonny Bairstow,38,59,3,1,False,64.41
183,2017,Punjab Kings,Liam Livingstone,48,69,6,3,True,69.57
183,2017,Punjab Kings,Sam Curran,12,12,1,0,True,100.0
183,2017,Chennai Super Kings,MS Dhoni,21,26,2,0,False,80.77
183,2017,Chennai Super Kings,Ruturaj Gaikwad,85,90,12,7,True,94.44
183,2017,Chennai Super Kings,Devon Conway,22,22,3,1,False,100.0
183,2017,Chennai Super Kings,Ambati Rayudu,49,59,4,4,True,83.05
184,2017,Mumbai Indians,Rohit Sharma,32,32,4,3,True,100.0
184,2017,Mumbai Indians,Ishan Kishan,49,49,6,2,False,100.0
184,2017,Mumbai Indians,Suryakumar Yadav,43,50,6,3,True,86.0
184,2017,Mumbai Indians,Hardik Pandya,48,48,7,4,False,100.0
184,2017,Rajasthan Royals,Jos Buttler,28,33,4,1,True,84.85
184,2017,Rajasthan Royals,Sanju Samson,60,68,10,5,True,88.24
184,2017,Rajasthan Royals,Yashasvi Jaiswal,69,98,8,4,True,70.41
184,2017,Rajasthan Royals,Devdutt Padikkal,83,110,10,9,True,75.45
185,2017,Punjab Kings,Shikhar Dhawan,31,36,3,1,True,86.11
185,2017,Punjab Kings,Jonny Bairstow,59,61,7,2,False,96.72
185,2017,Punjab Kings,Liam Livingstone,33,44,5,3,False,75.0
185,2017,Punjab Kings,Sam Curran,15,25,2,0,True,60.0
185,2017,Sunrisers Hyderabad,Kane Williamson,56,79,9,5,True,70.89
185,2017,Sunrisers Hyderabad,Abhishek Sharma,0,0,0,0,True,0.0
185,2017,Sunrisers Hyderabad,Rahul Tripathi,41,48,3,4,True,85.42
185,2017,Sunrisers Hyderabad,Nicholas Pooran,55,70,6,3,True,78.57
186,2017,Rajasthan Royals,Jos Buttler,81,94,11,9,True,86.17
186,2017,Rajasthan Royals,Sanju Samson,43,53,6,4,True,81.13
186,2017,Rajasthan Royals,Yashasvi Jaiswal,71,80,11,5,True,88.75
186,2017,Rajasthan Royals,Devdutt Padikkal,67,71,10,3,True,94.37
186,2017,Mumbai Indians,Rohit Sharma,30,54,3,3,True,55.56
186,2017,Mumbai Indians,Ishan Kishan,59,69,7,4,True,85.51
186,2017,Mumbai Indians,Suryakumar Yadav,42,64,6,2,True,65.62
186,2017,Mumbai Indians,Hardik Pandya,57,57,6,4,True,100.0
187,2017,Kolkata Knight Riders,Shreyas Iyer,23,32,3,1,True,71.88
187,2017,Kolkata Knight Riders,Venkatesh Iyer,56,63,5,4,True,88.89
187,2017,Kolkata Knight Riders,Andre Russell,49,61,6,3,False,80.33
187,2017,Kolkata Knight Riders,Nitish Rana,7,38,0,0,True,18.42
187,2017,Chennai Super Kings,MS Dhoni,6,6,0,0,False,100.0
187,2017,Chennai Super Kings,Ruturaj Gaikwad,50,53,6,1,False,94.34
187,2017,Chennai Super Kings,Devon Conway,14,14,1,0,True,100.0
187,2017,Chennai Super Kings,Ambati Rayudu,37,46,6,2,True,80.43
188,2017,Delhi Capitals,David Warner,64,88,5,3,False,72.73
188,2017,Delhi Capitals,Prithvi Shaw,18,40,2,0,False,45.0
188,2017,Delhi Capitals,Rishabh Pant,25,25,3,1,True,100.0
188,2017,Delhi Capitals,Axar Patel,30,49,5,3,True,61.22
188,2017,Royal Challengers Bangalore,Virat Kohli,72,74,7,8,True,97.3
188,2017,Royal Challengers Bangalore,Faf du Plessis,68,69,8,7,True,98.55
188,2017,Royal Challengers Bangalore,Glenn Maxwell,41,59,7,1,True,69.49
188,2017,Royal Challengers Bangalore,Dinesh Karthik,42,42,4,1,True,100.0
189,2017,Royal Challengers Bangalore,Virat Kohli,29,29,4,1,False,100.0
189,2017,Royal Challengers Bangalore,Faf du Plessis,25,39,4,0,False,64.1
189,2017,Royal Challengers Bangalore,Glenn Maxwell,25,51,4,1,True,49.02
189,2017,Royal Challengers Bangalore,Dinesh Karthik,0,0,0,0,False,0.0
189,2017,Delhi Capitals,David Warner,20,39,2,1,False,51.28
189,2017,Delhi Capitals,Prithvi Shaw,30,49,3,1,True,61.22
189,2017,Delhi Capitals,Rishabh Pant,46,89,6,5,False,51.69
189,2017,Delhi Capitals,Axar Patel,26,26,3,1,False,100.0
190,2017,Kolkata Knight Riders,Shreyas Iyer,76,80,12,6,True,95.0
190,2017,Kolkata Knight Riders,Venkatesh Iyer,56,66,6,4,False,84.85
190,2017,Kolkata Knight Riders,Andre Russell,56,75,5,3,True,74.67
190,2017,Kolkata Knight Riders,Nitish Rana,25,32,4,2,True,78.12
190,2017,Punjab Kings,Shikhar Dhawan,27,28,3,1,True,96.43
190,2017,Punjab Kings,Jonny Bairstow,7,15,0,0,True,46.67
190,2017,Punjab Kings,Liam Livingstone,21,36,3,1,True,58.33
190,2017,Punjab Kings,Sam Curran,69,83,7,2,True,83.13
191,2017,Rajasthan Royals,Jos Buttler,66,86,7,3,True,76.74
191,2017,Rajasthan Royals,Sanju Samson,41,54,7,3,False,75.93
191,2017,Rajasthan Royals,Yashasvi Jaiswal,51,63,6,4,False,80.95
191,2017,Rajasthan Royals,Devdutt Padikkal,49,53,8,3,True,92.45
191,2017,Chennai Super Kings,MS Dhoni,49,63,7,5,True,77.78
191,2017,Chennai Super Kings,Ruturaj Gaikwad,37,37,4,3,True,100.0
191,2017,Chennai Super Kings,Devon Conway,20,23,2,1,True,86.96
191,2017,Chennai Super Kings,Ambati Rayudu,53,54,4,3,True,98.15
192,2017,Mumbai Indians,Rohit Sharma,37,41,3,3,False,90.24
192,2017,Mumbai Indians,Ishan Kishan,53,62,7,4,False,85.48
192,2017,Mumbai Indians,Suryakumar Yadav,23,23,3,2,False,100.0
192,2017,Mumbai Indians,Hardik Pandya,34,52,6,2,True,65.38
192,2017,Sunrisers Hyderabad,Kane Williamson,21,24,2,1,False,87.5
192,2017,Sunrisers Hyderabad,Abhishek Sharma,92,102,12,8,True,90.2
192,2017,Sunrisers Hyderabad,Rahul Tripathi,53,53,4,4,True,100.0
192,2017,Sunrisers Hyderabad,Nicholas Pooran,40,51,4,4,True,78.43
193,2017,Mumbai Indians,Rohit Sharma,65,81,6,7,True,80.25
193,2017,Mumbai Indians,Ishan Kishan,43,64,4,4,False,67.19
193,2017,Mumbai Indians,Suryakumar Yadav,47,56,4,3,True,83.93
193,2017,Mumbai Indians,Hardik Pandya,23,23,3,0,True,100.0
193,2017,Rajasthan Royals,Jos Buttler,75,93,7,4,True,80.65
193,2017,Rajasthan Royals,Sanju Samson,45,59,6,4,True,76.27
193,2017,Rajasthan Royals,Yashasvi Jaiswal,62,76,7,7,True,81.58
193,2017,Rajasthan Royals,Devdutt Padikkal,54,66,8,5,True,81.82
194,2017,Chennai Super Kings,MS Dhoni,48,48,5,4,False,100.0
194,2017,Chennai Super Kings,Ruturaj Gaikwad,63,84,8,5,True,75.0
194,2017,Chennai Super Kings,Devon Conway,22,34,1,1,True,64.71
194,2017,Chennai Super Kings,Ambati Rayudu,60,62,5,3,True,96.77
194,2017,Delhi Capitals,David Warner,26,35,2,1,False,74.29
194,2017,Delhi Capitals,Prithvi Shaw,62,65,7,3,True,95.38
194,2017,Delhi Capitals,Rishabh Pant,62,65,5,7,True,95.38
194,2017,Delhi Capitals,Axar Patel,50,61,8,3,True,81.97
195,2017,Royal Challengers Bangalore,Virat Kohli,28,28,2,3,True,100.0
195,2017,Royal Challengers Bangalore,Faf du Plessis,65,90,8,5,True,72.22
195,2017,Royal Challengers Bangalore,Glenn Maxwell,1,5,0,0,False,20.0
195,2017,Royal Challengers Bangalore,Dinesh Karthik,47,47,4,3,False,100.0
195,2017,Sunrisers Hyderabad,Kane Williamson,50,52,6,5,True,96.15
195,2017,Sunrisers Hyderabad,Abhishek Sharma,42,47,3,4,False,89.36
195,2017,Sunrisers Hyderabad,Rahul Tripathi,67,79,6,4,True,84.81
195,2017,Sunrisers Hyderabad,Nicholas Pooran,31,38,4,1,True,81.58
196,2017,Punjab Kings,Shikhar Dhawan,43,51,5,3,True,84.31
196,2017,Punjab Kings,Jonny Bairstow,32,42,4,1,False,76.19
196,2017,Punjab Kings,Liam Livingstone,72,76,6,4,True,94.74
196,2017,Punjab Kings,Sam Curran,62,68,8,5,True,91.18
196,2017,Kolkata Knight Riders,Shreyas Iyer,66,78,5,7,True,84.62
196,2017,Kolkata Knight Riders,Venkatesh Iyer,57,74,5,3,True,77.03
196,2017,Kolkata Knight Riders,Andre Russell,35,35,3,2,True,100.0
196,2017,Kolkata Knight Riders,Nitish Rana,15,24,2,1,True,62.5
197,2018,Sunrisers Hyderabad,Kane Williamson,69,77,6,3,True,89.61
197,2018,Sunrisers Hyderabad,Abhishek Sharma,19,19,2,0,True,100.0
197,2018,Sunrisers Hyderabad,Rahul Tripathi,45,48,5,4,True,93.75
197,2018,Sunrisers Hyderabad,Nicholas Pooran,73,94,6,7,True,77.66
197,2018,Royal Challengers Bangalore,Virat Kohli,32,42,4,3,True,76.19
197,2018,Royal Challengers Bangalore,Faf du Plessis,46,46,4,4,True,100.0
197,2018,Royal Challengers Bangalore,Glenn Maxwell,12,15,1,0,False,80.0
197,2018,Royal Challengers Bangalore,Dinesh Karthik,52,67,8,1,True,77.61
198,2018,Rajasthan Royals,Jos Buttler,27,53,4,1,False,50.94
198,2018,Rajasthan Royals,Sanju Samson,21,21,3,1,False,100.0
198,2018,Rajasthan Royals,Yashasvi Jaiswal,0,0,0,0,True,0.0
198,2018,Rajasthan Royals,Devdutt Padikkal,65,82,6,6,True,79.27
198,2018,Delhi Capitals,David Warner,22,25,3,1,False,88.0
198,2018,Delhi Capitals,Prithvi Shaw,30,30,4,3,True,100.0
198,2018,Delhi Capitals,Rishabh Pant,25,38,4,1,False,65.79
198,2018,Delhi Capitals,Axar Patel,38,38,5,2,True,100.0
199,2018,Punjab Kings,Shikhar Dhawan,56,79,5,5,True,70.89
199,2018,Punjab Kings,Jonny Bairstow,52,53,8,3,True,98.11
199,2018,Punjab Kings,Liam Livingstone,42,42,3,4,False,100.0
199,2018,Punjab Kings,Sam Curran,51,81,8,3,True,62.96
199,2018,Chennai Super Kings,MS Dhoni,0,0,0,0,True,0.0
199,2018,Chennai Super Kings,Ruturaj Gaikwad,22,32,3,2,True,68.75
199,2018,Chennai Super Kings,Devon Conway,42,42,5,2,True,100.0
199,2018,Chennai Super Kings,Ambati Rayudu,12,23,0,1,True,52.17
200,2018,Mumbai Indians,Rohit Sharma,27,27,2,1,True,100.0
200,2018,Mumbai Indians,Ishan Kishan,48,56,4,3,False,85.71
200,2018,Mumbai Indians,Suryakumar Yadav,38,45,3,2,False,84.44
200,2018,Mumbai Indians,Hardik Pandya,32,48,5,3,True,66.67
200,2018,Kolkata Knight Riders,Shreyas Iyer,34,47,2,3,False,72.34
200,2018,Kolkata Knight Riders,Venkatesh Iyer,76,83,10,8,True,91.57
200,2018,Kolkata Knight Riders,Andre Russell,15,46,1,1,True,32.61
200,2018,Kolkata Knight Riders,Nitish Rana,52,52,7,2,True,100.0
201,2018,Delhi Capitals,David Warner,17,17,2,0,False,100.0
201,2018,Delhi Capitals,Prithvi Shaw,31,44,4,1,False,70.45
201,2018,Delhi Capitals,Rishabh Pant,5,11,0,0,False,45.45
201,2018,Delhi Capitals,Axar Patel,41,41,4,4,True,100.0
201,2018,Kolkata Knight Riders,Shreyas Iyer,33,51,5,2,False,64.71
201,2018,Kolkata Knight Riders,Venkatesh Iyer,15,26,2,1,True,57.69
201,2018,Kolkata Knight Riders,Andre Russell,3,11,0,0,True,27.27
201,2018,Kolkata Knight Riders,Nitish Rana,40,55,4,3,True,72.73
202,2018,Royal Challengers Bangalore,Virat Kohli,31,31,5,2,True,100.0
202,2018,Royal Challengers Bangalore,Faf du Plessis,34,42,5,1,False,80.95
202,2018,Royal Challengers Bangalore,Glenn Maxwell,28,32,4,2,True,87.5
202,2018,Royal Challengers Bangalore,Dinesh Karthik,43,48,3,1,True,89.58
202,2018,Rajasthan Royals,Jos Buttler,44,51,6,3,True,86.27
202,2018,Rajasthan Royals,Sanju Samson,43,55,5,4,True,78.18
202,2018,Rajasthan Royals,Yashasvi Jaiswal,14,14,1,0,True,100.0
202,2018,Rajasthan Royals,Devdutt Padikkal,59,76,10,3,True,77.63
203,2018,Sunrisers Hyderabad,Kane Williamson,25,25,2,1,True,100.0
203,2018,Sunrisers Hyderabad,Abhishek Sharma,16,25,1,0,True,64.0
203,2018,Sunrisers Hyderabad,Rahul Tripathi,1,8,0,0,True,12.5
203,2018,Sunrisers Hyderabad,Nicholas Pooran,67,83,6,2,True,80.72
203,2018,Punjab Kings,Shikhar Dhawan,78,78,11,5,False,100.0
203,2018,Punjab Kings,Jonny Bairstow,20,45,2,2,False,44.44
203,2018,Punjab Kings,Liam Livingstone,50,57,6,2,True,87.72
203,2018,Punjab Kings,Sam Curran,61,80,10,3,False,76.25
204,2018,Mumbai Indians,Rohit Sharma,38,44,4,2,True,86.36
204,2018,Mumbai Indians,Ishan Kishan,0,16,0,0,True,0.0
204,2018,Mumbai Indians,Suryakumar Yadav,41,44,4,4,False,93.18
204,2018,Mumbai Indians,Hardik Pandya,59,59,4,6,True,100.0
204,2018,Chennai Super Kings,MS Dhoni,30,30,4,2,True,100.0
204,2018,Chennai Super Kings,Ruturaj Gaikwad,71,73,9,3,True,97.26
204,2018,Chennai Super Kings,Devon Conway,55,72,9,5,False,76.39
204,2018,Chennai Super Kings,Ambati Rayudu,62,67,5,5,True,92.54
205,2018,Punjab Kings,Shikhar Dhawan,35,45,5,2,True,77.78
205,2018,Punjab Kings,Jonny Bairstow,22,30,3,0,False,73.33
205,2018,Punjab Kings,Liam Livingstone,45,46,7,1,True,97.83
205,2018,Punjab Kings,Sam Curran,60,60,6,2,True,100.0
205,2018,Royal Challengers Bangalore,Virat Kohli,55,73,9,5,False,75.34
205,2018,Royal Challengers Bangalore,Faf du Plessis,85,113,15,7,True,75.22
205,2018,Royal Challengers Bangalore,Glenn Maxwell,55,68,8,4,True,80.88
205,2018,Royal Challengers Bangalore,Dinesh Karthik,24,38,3,2,True,63.16
206,2018,Mumbai Indians,Rohit Sharma,47,50,4,3,True,94.0
206,2018,Mumbai Indians,Ishan Kishan,31,47,4,2,False,65.96
206,2018,Mumbai Indians,Suryakumar Yadav,43,49,4,1,False,87.76
206,2018,Mumbai Indians,Hardik Pandya,35,50,2,1,True,70.0
206,2018,Kolkata Knight Riders,Shreyas Iyer,30,30,4,3,True,100.0
206,2018,Kolkata Knight Riders,Venkatesh Iyer,63,69,10,3,True,91.3
206,2018,Kolkata Knight Riders,Andre Russell,41,61,3,3,True,67.21
206,2018,Kolkata Knight Riders,Nitish Rana,89,117,14,6,True,76.07
207,2018,Sunrisers Hyderabad,Kane Williamson,96,115,10,8,True,83.48
207,2018,Sunrisers Hyderabad,Abhishek Sharma,51,60,5,3,True,85.0
207,2018,Sunrisers Hyderabad,Rahul Tripathi,51,70,5,5,True,72.86
207,2018,Sunrisers Hyderabad,Nicholas Pooran,12,20,1,1,True,60.0
207,2018,Rajasthan Royals,Jos Buttler,39,42,3,3,True,92.86
207,2018,Rajasthan Royals,Sanju Samson,43,43,4,3,False,100.0
207,2018,Rajasthan Royals,Yashasvi Jaiswal,37,53,3,4,True,69.81
207,2018,Rajasthan Royals,Devdutt Padikkal,47,59,8,2,True,79.66
208,2018,Delhi Capitals,David Warner,36,52,3,3,True,69.23
208,2018,Delhi Capitals,Prithvi Shaw,53,58,5,3,True,91.38
208,2018,Delhi Capitals,Rishabh Pant,53,76,5,3,False,69.74
208,2018,Delhi Capitals,Axar Patel,37,47,5,3,True,78.72
208,2018,Chennai Super Kings,MS Dhoni,51,74,6,3,False,68.92
208,2018,Chennai Super Kings,Ruturaj Gaikwad,67,98,6,2,False,68.37
208,2018,Chennai Super Kings,Devon Conway,31,31,2,3,True,100.0
208,2018,Chennai Super Kings,Ambati Rayudu,38,47,6,3,True,80.85
209,2018,Delhi Capitals,David Warner,22,25,3,2,False,88.0
209,2018,Delhi Capitals,Prithvi Shaw,45,65,6,4,True,69.23
209,2018,Delhi Capitals,Rishabh Pant,41,41,6,3,True,100.0
209,2018,Delhi Capitals,Axar Patel,75,79,6,3,False,94.94
209,2018,Mumbai Indians,Rohit Sharma,75,94,9,7,True,79.79
209,2018,Mumbai Indians,Ishan Kishan,64,67,7,7,True,95.52
209,2018,Mumbai Indians,Suryakumar Yadav,63,69,7,7,True,91.3
209,2018,Mumbai Indians,Hardik Pandya,46,71,4,2,True,64.79
210,2018,Rajasthan Royals,Jos Buttler,33,39,5,2,True,84.62
210,2018,Rajasthan Royals,Sanju Samson,12,34,2,0,True,35.29
210,2018,Rajasthan Royals,Yashasvi Jaiswal,73,79,6,7,True,92.41
210,2018,Rajasthan Royals,Devdutt Padikkal,54,63,9,3,False,85.71
210,2018,Sunrisers Hyderabad,Kane Williamson,44,64,4,3,True,68.75
210,2018,Sunrisers Hyderabad,Abhishek Sharma,21,22,2,0,True,95.45
210,2018,Sunrisers Hyderabad,Rahul Tripathi,8,8,1,0,False,100.0
210,2018,Sunrisers Hyderabad,Nicholas Pooran,72,89,7,8,True,80.9
211,2018,Royal Challengers Bangalore,Virat Kohli,35,35,4,3,True,100.0
211,2018,Royal Challengers Bangalore,Faf du Plessis,0,0,0,0,False,0.0
211,2018,Royal Challengers Bangalore,Glenn Maxwell,47,59,5,2,False,79.66
211,2018,Royal Challengers Bangalore,Dinesh Karthik,47,77,7,3,False,61.04
211,2018,Punjab Kings,Shikhar Dhawan,48,60,6,1,True,80.0
211,2018,Punjab Kings,Jonny Bairstow,20,20,3,2,True,100.0
211,2018,Punjab Kings,Liam Livingstone,55,59,6,4,True,93.22
211,2018,Punjab Kings,Sam Curran,59,62,5,6,True,95.16
212,2018,Kolkata Knight Riders,Shreyas Iyer,54,61,7,2,True,88.52
212,2018,Kolkata Knight Riders,Venkatesh Iyer,31,39,3,1,True,79.49
212,2018,Kolkata Knight Riders,Andre Russell,66,80,9,3,True,82.5
212,2018,Kolkata Knight Riders,Nitish Rana,50,61,7,5,False,81.97
212,2018,Chennai Super Kings,MS Dhoni,79,114,6,5,True,69.3
212,2018,Chennai Super Kings,Ruturaj Gaikwad,49,66,5,3,False,74.24
212,2018,Chennai Super Kings,Devon Conway,20,20,1,1,False,100.0
212,2018,Chennai Super Kings,Ambati Rayudu,68,74,9,4,True,91.89
213,2018,Sunrisers Hyderabad,Kane Williamson,49,67,4,2,True,73.13
213,2018,Sunrisers Hyderabad,Abhishek Sharma,69,87,6,7,True,79.31
213,2018,Sunrisers Hyderabad,Rahul Tripathi,36,36,5,4,True,100.0
213,2018,Sunrisers Hyderabad,Nicholas Pooran,70,91,11,2,False,76.92
213,2018,Kolkata Knight Riders,Shreyas Iyer,0,0,0,0,True,0.0
213,2018,Kolkata Knight Riders,Venkatesh Iyer,50,65,7,4,True,76.92
213,2018,Kolkata Knight Riders,Andre Russell,39,49,3,4,True,79.59
213,2018,Kolkata Knight Riders,Nitish Rana,45,50,5,4,True,90.0
214,2018,Chennai Super Kings,MS Dhoni,10,15,1,1,True,66.67
214,2018,Chennai Super Kings,Ruturaj Gaikwad,18,35,1,2,True,51.43
214,2018,Chennai Super Kings,Devon Conway,34,46,3,2,True,73.91
214,2018,Chennai Super Kings,Ambati Rayudu,32,37,4,2,True,86.49
214,2018,Delhi Capitals,David Warner,30,55,5,1,True,54.55
214,2018,Delhi Capitals,Prithvi Shaw,40,51,5,1,True,78.43
214,2018,Delhi Capitals,Rishabh Pant,14,32,2,1,False,43.75
214,2018,Delhi Capitals,Axar Patel,58,64,6,2,True,90.62
215,2018,Punjab Kings,Shikhar Dhawan,41,51,6,4,True,80.39
215,2018,Punjab Kings,Jonny Bairstow,22,22,3,1,False,100.0
215,2018,Punjab Kings,Liam Livingstone,62,93,7,3,True,66.67
215,2018,Punjab Kings,Sam Curran,77,79,8,2,True,97.47
215,2018,Royal Challengers Bangalore,Virat Kohli,31,31,4,2,True,100.0
215,2018,Royal Challengers Bangalore,Faf du Plessis,52,62,8,3,True,83.87
215,2018,Royal Challengers Bangalore,Glenn Maxwell,40,45,4,2,True,88.89
215,2018,Royal Challengers Bangalore,Dinesh Karthik,40,59,5,1,True,67.8
216,2018,Mumbai Indians,Rohit Sharma,37,43,3,2,False,86.05
216,2018,Mumbai Indians,Ishan Kishan,62,62,10,6,True,100.0
216,2018,Mumbai Indians,Suryakumar Yadav,48,55,7,5,True,87.27
216,2018,Mumbai Indians,Hardik Pandya,23,23,2,0,True,100.0
216,2018,Rajasthan Royals,Jos Buttler,32,33,3,2,True,96.97
216,2018,Rajasthan Royals,Sanju Samson,41,55,3,3,True,74.55
216,2018,Rajasthan Royals,Yashasvi Jaiswal,18,30,2,1,False,60.0
216,2018,Rajasthan Royals,Devdutt Padikkal,27,27,3,3,False,100.0
217,2018,Delhi Capitals,David Warner,49,58,6,4,True,84.48
217,2018,Delhi Capitals,Prithvi Shaw,67,67,5,3,True,100.0
217,2018,Delhi Capitals,Rishabh Pant,43,48,5,2,True,89.58
217,2018,Delhi Capitals,Axar Patel,27,36,3,2,True,75.0
217,2018,Kolkata Knight Riders,Shreyas Iyer,56,62,7,3,True,90.32
217,2018,Kolkata Knight Riders,Venkatesh Iyer,0,0,0,0,False,0.0
217,2018,Kolkata Knight Riders,Andre Russell,58,65,9,6,True,89.23
217,2018,Kolkata Knight Riders,Nitish Rana,56,81,6,6,True,69.14
218,2018,Chennai Super Kings,MS Dhoni,29,31,3,3,True,93.55
218,2018,Chennai Super Kings,Ruturaj Gaikwad,28,28,3,2,False,100.0
218,2018,Chennai Super Kings,Devon Conway,37,53,5,1,True,69.81
218,2018,Chennai Super Kings,Ambati Rayudu,29,29,4,1,True,100.0
218,2018,Mumbai Indians,Rohit Sharma,36,49,5,4,True,73.47
218,2018,Mumbai Indians,Ishan Kishan,29,29,2,1,False,100.0
218,2018,Mumbai Indians,Suryakumar Yadav,54,74,4,5,True,72.97
218,2018,Mumbai Indians,Hardik Pandya,14,23,1,1,True,60.87
219,2018,Sunrisers Hyderabad,Kane Williamson,34,34,5,1,True,100.0
219,2018,Sunrisers Hyderabad,Abhishek Sharma,31,31,3,1,True,100.0
219,2018,Sunrisers Hyderabad,Rahul Tripathi,43,45,3,1,True,95.56
219,2018,Sunrisers Hyderabad,Nicholas Pooran,28,29,2,2,True,96.55
219,2018,Royal Challengers Bangalore,Virat Kohli,25,40,4,2,True,62.5
219,2018,Royal Challengers Bangalore,Faf du Plessis,50,65,5,3,False,76.92
219,2018,Royal Challengers Bangalore,Glenn Maxwell,65,75,10,7,True,86.67
219,2018,Royal Challengers Bangalore,Dinesh Karthik,43,43,6,1,True,100.0
220,2018,Rajasthan Royals,Jos Buttler,13,35,1,1,True,37.14
220,2018,Rajasthan Royals,Sanju Samson,28,34,4,3,False,82.35
220,2018,Rajasthan Royals,Yashasvi Jaiswal,43,43,7,4,False,100.0
220,2018,Rajasthan Royals,Devdutt Padikkal,59,59,9,3,True,100.0
220,2018,Punjab Kings,Shikhar Dhawan,33,37,4,3,True,89.19
220,2018,Punjab Kings,Jonny Bairstow,52,52,8,5,False,100.0
220,2018,Punjab Kings,Liam Livingstone,66,68,10,4,True,97.06
220,2018,Punjab Kings,Sam Curran,21,28,2,1,True,75.0
221,2018,Royal Challengers Bangalore,Virat Kohli,10,23,1,0,False,43.48
221,2018,Royal Challengers Bangalore,Faf du Plessis,36,36,4,2,False,100.0
221,2018,Royal Challengers Bangalore,Glenn Maxwell,60,84,7,2,True,71.43
221,2018,Royal Challengers Bangalore,Dinesh Karthik,24,36,2,1,False,66.67
221,2018,Punjab Kings,Shikhar Dhawan,62,69,10,3,True,89.86
221,2018,Punjab Kings,Jonny Bairstow,50,55,5,4,True,90.91
221,2018,Punjab Kings,Liam Livingstone,29,30,4,1,True,96.67
221,2018,Punjab Kings,Sam Curran,34,40,3,1,False,85.0
222,2018,Mumbai Indians,Rohit Sharma,25,25,2,1,True,100.0
222,2018,Mumbai Indians,Ishan Kishan,53,54,4,2,False,98.15
222,2018,Mumbai Indians,Suryakumar Yadav,37,53,3,3,True,69.81
222,2018,Mumbai Indians,Hardik Pandya,49,49,8,4,True,100.0
222,2018,Kolkata Knight Riders,Shreyas Iyer,16,16,2,1,True,100.0
222,2018,Kolkata Knight Riders,Venkatesh Iyer,40,59,4,1,True,67.8
222,2018,Kolkata Knight Riders,Andre Russell,54,75,5,2,True,72.0
222,2018,Kolkata Knight Riders,Nitish Rana,19,19,3,1,True,100.0
223,2018,Rajasthan Royals,Jos Buttler,54,63,6,4,True,85.71
223,2018,Rajasthan Royals,Sanju Samson,61,65,8,6,True,93.85
223,2018,Rajasthan Royals,Yashasvi Jaiswal,44,63,7,5,True,69.84
223,2018,Rajasthan Royals,Devdutt Padikkal,56,56,4,5,True,100.0
223,2018,Chennai Super Kings,MS Dhoni,57,58,8,5,True,98.28
223,2018,Chennai Super Kings,Ruturaj Gaikwad,73,88,6,4,True,82.95
223,2018,Chennai Super Kings,Devon Conway,52,55,8,2,True,94.55
223,2018,Chennai Super Kings,Ambati Rayudu,24,49,3,0,True,48.98
224,2018,Delhi Capitals,David Warner,46,54,7,2,True,85.19
224,2018,Delhi Capitals,Prithvi Shaw,64,64,9,6,True,100.0
224,2018,Delhi Capitals,Rishabh Pant,38,58,3,3,False,65.52
224,2018,Delhi Capitals,Axar Patel,49,72,7,5,True,68.06
224,2018,Sunrisers Hyderabad,Kane Williamson,58,58,8,6,True,100.0
224,2018,Sunrisers Hyderabad,Abhishek Sharma,8,8,1,0,True,100.0
224,2018,Sunrisers Hyderabad,Rahul Tripathi,22,45,3,0,True,48.89
224,2018,Sunrisers Hyderabad,Nicholas Pooran,0,7,0,0,True,0.0
225,2019,Delhi Capitals,David Warner,76,102,10,4,True,74.51
225,2019,Delhi Capitals,Prithvi Shaw,19,27,1,2,True,70.37
225,2019,Delhi Capitals,Rishabh Pant,22,43,2,2,False,51.16
225,2019,Delhi Capitals,Axar Patel,55,61,8,3,True,90.16
225,2019,Punjab Kings,Shikhar Dhawan,35,45,5,1,True,77.78
225,2019,Punjab Kings,Jonny Bairstow,24,44,3,2,True,54.55
225,2019,Punjab Kings,Liam Livingstone,26,34,2,1,True,76.47
225,2019,Punjab Kings,Sam Curran,63,92,6,6,True,68.48
226,2019,Chennai Super Kings,MS Dhoni,36,39,3,2,False,92.31
226,2019,Chennai Super Kings,Ruturaj Gaikwad,31,39,5,2,False,79.49
226,2019,Chennai Super Kings,Devon Conway,28,38,3,2,True,73.68
226,2019,Chennai Super Kings,Ambati Rayudu,38,38,4,1,True,100.0
226,2019,Mumbai Indians,Rohit Sharma,27,27,3,2,False,100.0
226,2019,Mumbai Indians,Ishan Kishan,7,23,1,0,False,30.43
226,2019,Mumbai Indians,Suryakumar Yadav,11,27,0,0,True,40.74
226,2019,Mumbai Indians,Hardik Pandya,60,60,9,2,True,100.0
227,2019,Royal Challengers Bangalore,Virat Kohli,28,33,3,3,True,84.85
227,2019,Royal Challengers Bangalore,Faf du Plessis,32,36,4,2,True,88.89
227,2019,Royal Challengers Bangalore,Glenn Maxwell,0,4,0,0,False,0.0
227,2019,Royal Challengers Bangalore,Dinesh Karthik,15,25,1,1,True,60.0
227,2019,Rajasthan Royals,Jos Buttler,22,37,3,0,False,59.46
227,2019,Rajasthan Royals,Sanju Samson,46,64,5,2,True,71.88
227,2019,Rajasthan Royals,Yashasvi Jaiswal,48,57,8,4,True,84.21
227,2019,Rajasthan Royals,Devdutt Padikkal,79,93,7,4,True,84.95
228,2019,Kolkata Knight Riders,Shreyas Iyer,48,48,7,3,True,100.0
228,2019,Kolkata Knight Riders,Venkatesh Iyer,51,52,5,4,False,98.08
228,2019,Kolkata Knight Riders,Andre Russell,45,51,5,5,False,88.24
228,2019,Kolkata Knight Riders,Nitish Rana,44,59,7,1,True,74.58
228,2019,Sunrisers Hyderabad,Kane Williamson,20,27,3,1,True,74.07
228,2019,Sunrisers Hyderabad,Abhishek Sharma,47,68,4,2,True,69.12
228,2019,Sunrisers Hyderabad,Rahul Tripathi,16,31,2,1,True,51.61
228,2019,Sunrisers Hyderabad,Nicholas Pooran,28,28,4,1,True,100.0
229,2019,Mumbai Indians,Rohit Sharma,57,57,5,6,True,100.0
229,2019,Mumbai Indians,Ishan Kishan,38,49,4,2,True,77.55
229,2019,Mumbai Indians,Suryakumar Yadav,64,86,7,4,False,74.42
229,2019,Mumbai Indians,Hardik Pandya,27,27,2,2,False,100.0
229,2019,Delhi Capitals,David Warner,25,25,4,1,True,100.0
229,2019,Delhi Capitals,Prithvi Shaw,42,53,7,3,True,79.25
229,2019,Delhi Capitals,Rishabh Pant,56,66,5,3,True,84.85
229,2019,Delhi Capitals,Axar Patel,41,41,7,4,True,100.0
230,2019,Rajasthan Royals,Jos Buttler,51,62,8,3,True,82.26
230,2019,Rajasthan Royals,Sanju Samson,48,56,6,5,False,85.71
230,2019,Rajasthan Royals,Yashasvi Jaiswal,46,52,6,4,True,88.46
230,2019,Rajasthan Royals,Devdutt Padikkal,59,61,9,3,True,96.72
230,2019,Kolkata Knight Riders,Shreyas Iyer,44,44,4,2,True,100.0
230,2019,Kolkata Knight Riders,Venkatesh Iyer,61,71,5,6,True,85.92
230,2019,Kolkata Knight Riders,Andre Russell,47,47,7,2,True,100.0
230,2019,Kolkata Knight Riders,Nitish Rana,10,13,1,0,True,76.92
231,2019,Royal Challengers Bangalore,Virat Kohli,28,47,2,1,True,59.57
231,2019,Royal Challengers Bangalore,Faf du Plessis,12,14,1,0,False,85.71
231,2019,Royal Challengers Bangalore,Glenn Maxwell,35,47,3,3,False,74.47
231,2019,Royal Challengers Bangalore,Dinesh Karthik,41,56,5,1,True,73.21
231,2019,Chennai Super Kings,MS Dhoni,0,0,0,0,True,0.0
231,2019,Chennai Super Kings,Ruturaj Gaikwad,43,53,6,4,False,81.13
231,2019,Chennai Super Kings,Devon Conway,57,57,5,4,True,100.0
231,2019,Chennai Super Kings,Ambati Rayudu,39,63,4,2,False,61.9
232,2019,Sunrisers Hyderabad,Kane Williamson,51,64,5,5,True,79.69
232,2019,Sunrisers Hyderabad,Abhishek Sharma,62,78,7,7,True,79.49
232,2019,Sunrisers Hyderabad,Rahul Tripathi,34,34,5,3,True,100.0
232,2019,Sunrisers Hyderabad,Nicholas Pooran,9,17,1,1,True,52.94
232,2019,Punjab Kings,Shikhar Dhawan,32,37,3,2,True,86.49
232,2019,Punjab Kings,Jonny Bairstow,26,27,3,1,True,96.3
232,2019,Punjab Kings,Liam Livingstone,41,41,6,1,True,100.0
232,2019,Punjab Kings,Sam Curran,63,73,7,5,False,86.3
233,2019,Punjab Kings,Shikhar Dhawan,39,41,4,2,True,95.12
233,2019,Punjab Kings,Jonny Bairstow,56,60,10,5,True,93.33
233,2019,Punjab Kings,Liam Livingstone,33,33,3,2,True,100.0
233,2019,Punjab Kings,Sam Curran,65,89,7,3,True,73.03
233,2019,Rajasthan Royals,Jos Buttler,8,8,0,0,False,100.0
233,2019,Rajasthan Royals,Sanju Samson,5,5,0,0,True,100.0
233,2019,Rajasthan Royals,Yashasvi Jaiswal,38,73,6,3,True,52.05
233,2019,Rajasthan Royals,Devdutt Padikkal,67,81,5,5,False,82.72
234,2019,Delhi Capitals,David Warner,48,78,7,5,False,61.54
234,2019,Delhi Capitals,Prithvi Shaw,16,34,2,1,False,47.06
234,2019,Delhi Capitals,Rishabh Pant,45,50,5,5,True,90.0
234,2019,Delhi Capitals,Axar Patel,64,77,7,4,False,83.12
234,2019,Mumbai Indians,Rohit Sharma,60,74,6,4,False,81.08
234,2019,Mumbai Indians,Ishan Kishan,53,61,8,6,True,86.89
234,2019,Mumbai Indians,Suryakumar Yadav,32,32,5,1,True,100.0
234,2019,Mumbai Indians,Hardik Pandya,16,16,1,1,False,100.0
235,2019,Royal Challengers Bangalore,Virat Kohli,41,41,7,2,True,100.0
235,2019,Royal Challengers Bangalore,Faf du Plessis,47,47,6,4,False,100.0
235,2019,Royal Challengers Bangalore,Glenn Maxwell,23,27,2,2,True,85.19
235,2019,Royal Challengers Bangalore,Dinesh Karthik,78,96,11,8,True,81.25
235,2019,Chennai Super Kings,MS Dhoni,16,16,2,1,True,100.0
235,2019,Chennai Super Kings,Ruturaj Gaikwad,35,47,5,1,True,74.47
235,2019,Chennai Super Kings,Devon Conway,34,71,3,2,True,47.89
235,2019,Chennai Super Kings,Ambati Rayudu,26,28,3,1,True,92.86
236,2019,Sunrisers Hyderabad,Kane Williamson,53,59,9,1,True,89.83
236,2019,Sunrisers Hyderabad,Abhishek Sharma,40,67,5,2,True,59.7
236,2019,Sunrisers Hyderabad,Rahul Tripathi,20,21,2,1,True,95.24
236,2019,Sunrisers Hyderabad,Nicholas Pooran,62,72,9,5,True,86.11
236,2019,Kolkata Knight Riders,Shreyas Iyer,0,0,0,0,True,0.0
236,2019,Kolkata Knight Riders,Venkatesh Iyer,27,37,2,1,True,72.97
236,2019,Kolkata Knight Riders,Andre Russell,37,51,3,1,True,72.55
236,2019,Kolkata Knight Riders,Nitish Rana,57,76,9,6,True,75.0
237,2019,Mumbai Indians,Rohit Sharma,28,28,4,2,True,100.0
237,2019,Mumbai Indians,Ishan Kishan,32,38,2,2,True,84.21
237,2019,Mumbai Indians,Suryakumar Yadav,53,54,8,3,True,98.15
237,2019,Mumbai Indians,Hardik Pandya,71,76,11,8,True,93.42
237,2019,Kolkata Knight Riders,Shreyas Iyer,29,29,4,3,True,100.0
237,2019,Kolkata Knight Riders,Venkatesh Iyer,27,27,3,1,True,100.0
237,2019,Kolkata Knight Riders,Andre Russell,63,77,6,5,True,81.82
237,2019,Kolkata Knight Riders,Nitish Rana,24,48,2,2,False,50.0
238,2019,Chennai Super Kings,MS Dhoni,29,35,3,2,True,82.86
238,2019,Chennai Super Kings,Ruturaj Gaikwad,54,73,5,5,True,73.97
238,2019,Chennai Super Kings,Devon Conway,16,16,2,1,True,100.0
238,2019,Chennai Super Kings,Ambati Rayudu,49,49,6,4,True,100.0
238,2019,Rajasthan Royals,Jos Buttler,48,72,4,5,False,66.67
238,2019,Rajasthan Royals,Sanju Samson,33,33,3,3,True,100.0
238,2019,Rajasthan Royals,Yashasvi Jaiswal,43,46,5,2,True,93.48
238,2019,Rajasthan Royals,Devdutt Padikkal,43,43,5,1,True,100.0
239,2019,Punjab Kings,Shikhar Dhawan,45,47,3,4,True,95.74
239,2019,Punjab Kings,Jonny Bairstow,45,48,6,1,True,93.75
239,2019,Punjab Kings,Liam Livingstone,25,25,2,2,True,100.0
239,2019,Punjab Kings,Sam Curran,74,93,12,2,True,79.57
239,2019,Delhi Capitals,David Warner,27,58,2,2,True,46.55
239,2019,Delhi Capitals,Prithvi Shaw,37,40,3,2,True,92.5
239,2019,Delhi Capitals,Rishabh Pant,30,33,2,2,False,90.91
239,2019,Delhi Capitals,Axar Patel,50,56,5,2,True,89.29
240,2019,Royal Challengers Bangalore,Virat Kohli,52,52,6,2,False,100.0
240,2019,Royal Challengers Bangalore,Faf du Plessis,29,29,2,3,True,100.0
240,2019,Royal Challengers Bangalore,Glenn Maxwell,66,83,7,3,True,79.52
240,2019,Royal Challengers Bangalore,Dinesh Karthik,57,82,5,2,True,69.51
240,2019,Sunrisers Hyderabad,Kane Williamson,30,30,4,3,True,100.0
240,2019,Sunrisers Hyderabad,Abhishek Sharma,36,46,4,2,True,78.26
240,2019,Sunrisers Hyderabad,Rahul Tripathi,47,55,7,3,True,85.45
240,2019,Sunrisers Hyderabad,Nicholas Pooran,69,69,5,6,True,100.0
241,2019,Kolkata Knight Riders,Shreyas Iyer,51,51,8,2,True,100.0
241,2019,Kolkata Knight Riders,Venkatesh Iyer,57,82,5,3,True,69.51
241,2019,Kolkata Knight Riders,Andre Russell,45,55,4,3,True,81.82
241,2019,Kolkata Knight Riders,Nitish Rana,33,33,5,3,True,100.0
241,2019,Chennai Super Kings,MS Dhoni,52,75,4,5,True,69.33
241,2019,Chennai Super Kings,Ruturaj Gaikwad,24,47,3,1,True,51.06
241,2019,Chennai Super Kings,Devon Conway,43,57,5,2,False,75.44
241,2019,Chennai Super Kings,Ambati Rayudu,55,66,5,4,True,83.33
242,2019,Punjab Kings,Shikhar Dhawan,31,31,5,2,True,100.0
242,2019,Punjab Kings,Jonny Bairstow,50,54,7,3,True,92.59
242,2019,Punjab Kings,Liam Livingstone,44,51,5,2,True,86.27
242,2019,Punjab Kings,Sam Curran,27,43,2,2,True,62.79
242,2019,Sunrisers Hyderabad,Kane Williamson,33,48,2,3,True,68.75
242,2019,Sunrisers Hyderabad,Abhishek Sharma,66,90,8,3,False,73.33
242,2019,Sunrisers Hyderabad,Rahul Tripathi,43,65,5,1,True,66.15
242,2019,Sunrisers Hyderabad,Nicholas Pooran,16,16,2,1,True,100.0
243,2019,Royal Challengers Bangalore,Virat Kohli,79,88,10,5,True,89.77
243,2019,Royal Challengers Bangalore,Faf du Plessis,45,63,5,2,True,71.43
243,2019,Royal Challengers Bangalore,Glenn Maxwell,46,60,7,4,True,76.67
243,2019,Royal Challengers Bangalore,Dinesh Karthik,28,45,3,1,True,62.22
243,2019,Rajasthan Royals,Jos Buttler,50,71,5,4,True,70.42
243,2019,Rajasthan Royals,Sanju Samson,70,84,7,4,False,83.33
243,2019,Rajasthan Royals,Yashasvi Jaiswal,16,16,1,1,True,100.0
243,2019,Rajasthan Royals,Devdutt Padikkal,46,69,7,3,True,66.67
244,2019,Delhi Capitals,David Warner,32,32,4,1,True,100.0
244,2019,Delhi Capitals,Prithvi Shaw,53,69,8,4,True,76.81
244,2019,Delhi Capitals,Rishabh Pant,60,89,5,5,True,67.42
244,2019,Delhi Capitals,Axar Patel,41,41,5,1,True,100.0
244,2019,Mumbai Indians,Rohit Sharma,39,54,7,1,True,72.22
244,2019,Mumbai Indians,Ishan Kishan,35,47,3,1,True,74.47
244,2019,Mumbai Indians,Suryakumar Yadav,58,83,6,4,False,69.88
244,2019,Mumbai Indians,Hardik Pandya,34,50,6,3,True,68.0
245,2019,Punjab Kings,Shikhar Dhawan,42,42,4,3,True,100.0
245,2019,Punjab Kings,Jonny Bairstow,29,40,4,3,True,72.5
245,2019,Punjab Kings,Liam Livingstone,25,29,4,1,True,86.21
245,2019,Punjab Kings,Sam Curran,28,28,4,2,False,100.0
245,2019,Chennai Super Kings,MS Dhoni,99,112,14,10,False,88.39
245,2019,Chennai Super Kings,Ruturaj Gaikwad,40,40,6,4,True,100.0
245,2019,Chennai Super Kings,Devon Conway,60,67,7,1,True,89.55
245,2019,Chennai Super Kings,Ambati Rayudu,34,34,4,3,True,100.0
246,2019,Mumbai Indians,Rohit Sharma,35,42,2,1,True,83.33
246,2019,Mumbai Indians,Ishan Kishan,21,21,2,1,True,100.0
246,2019,Mumbai Indians,Suryakumar Yadav,39,44,5,2,True,88.64
246,2019,Mumbai Indians,Hardik Pandya,32,50,4,3,False,64.0
246,2019,Royal Challengers Bangalore,Virat Kohli,28,36,4,1,False,77.78
246,2019,Royal Challengers Bangalore,Faf du Plessis,0,7,0,0,True,0.0
246,2019,Royal Challengers Bangalore,Glenn Maxwell,8,8,1,0,True,100.0
246,2019,Royal Challengers Bangalore,Dinesh Karthik,42,42,7,2,False,100.0
247,2019,Delhi Capitals,David Warner,48,58,7,3,False,82.76
247,2019,Delhi Capitals,Prithvi Shaw,37,37,6,3,False,100.0
247,2019,Delhi Capitals,Rishabh Pant,51,65,8,2,True,78.46
247,2019,Delhi Capitals,Axar Patel,67,78,6,2,True,85.9
247,2019,Kolkata Knight Riders,Shreyas Iyer,17,27,1,2,False,62.96
247,2019,Kolkata Knight Riders,Venkatesh Iyer,40,50,6,1,False,80.0
247,2019,Kolkata Knight Riders,Andre Russell,43,47,5,4,False,91.49
247,2019,Kolkata Knight Riders,Nitish Rana,64,64,10,2,False,100.0
248,2019,Rajasthan Royals,Jos Buttler,34,34,4,1,True,100.0
248,2019,Rajasthan Royals,Sanju Samson,55,91,6,4,False,60.44
248,2019,Rajasthan Royals,Yashasvi Jaiswal,54,54,4,1,True,100.0
248,2019,Rajasthan Royals,Devdutt Padikkal,47,47,7,2,True,100.0
248,2019,Sunrisers Hyderabad,Kane Williamson,25,47,3,2,False,53.19
248,2019,Sunrisers Hyderabad,Abhishek Sharma,35,35,3,1,True,100.0
248,2019,Sunrisers Hyderabad,Rahul Tripathi,52,68,7,5,True,76.47
248,2019,Sunrisers Hyderabad,Nicholas Pooran,27,27,2,1,True,100.0
249,2019,Kolkata Knight Riders,Shreyas Iyer,69,92,7,6,True,75.0
249,2019,Kolkata Knight Riders,Venkatesh Iyer,70,86,9,7,True,81.4
249,2019,Kolkata Knight Riders,Andre Russell,70,104,10,7,True,67.31
249,2019,Kolkata Knight Riders,Nitish Rana,33,48,3,2,True,68.75
249,2019,Mumbai Indians,Rohit Sharma,33,38,2,1,True,86.84
249,2019,Mumbai Indians,Ishan Kishan,71,85,7,8,False,83.53
249,2019,Mumbai Indians,Suryakumar Yadav,38,43,5,3,False,88.37
249,2019,Mumbai Indians,Hardik Pandya,49,60,5,2,True,81.67
250,2019,Chennai Super Kings,MS Dhoni,41,41,4,3,True,100.0
250,2019,Chennai Super Kings,Ruturaj Gaikwad,54,67,4,2,False,80.6
250,2019,Chennai Super Kings,Devon Conway,29,36,3,1,True,80.56
250,2019,Chennai Super Kings,Ambati Rayudu,22,34,2,2,True,64.71
250,2019,Rajasthan Royals,Jos Buttler,29,29,4,1,True,100.0
250,2019,Rajasthan Royals,Sanju Samson,36,37,5,1,True,97.3
250,2019,Rajasthan Royals,Yashasvi Jaiswal,57,77,8,3,True,74.03
250,2019,Rajasthan Royals,Devdutt Padikkal,28,59,4,1,True,47.46
251,2019,Delhi Capitals,David Warner,18,18,1,1,True,100.0
251,2019,Delhi Capitals,Prithvi Shaw,24,34,3,2,True,70.59
251,2019,Delhi Capitals,Rishabh Pant,46,56,4,3,False,82.14
251,2019,Delhi Capitals,Axar Patel,44,59,4,4,True,74.58
251,2019,Royal Challengers Bangalore,Virat Kohli,35,35,5,3,True,100.0
251,2019,Royal Challengers Bangalore,Faf du Plessis,52,58,8,3,False,89.66
251,2019,Royal Challengers Bangalore,Glenn Maxwell,59,81,5,5,False,72.84
251,2019,Royal Challengers Bangalore,Dinesh Karthik,71,81,7,5,True,87.65
252,2019,Punjab Kings,Shikhar Dhawan,64,78,9,5,True,82.05
252,2019,Punjab Kings,Jonny Bairstow,6,8,0,0,True,75.0
252,2019,Punjab Kings,Liam Livingstone,24,28,2,1,False,85.71
252,2019,Punjab Kings,Sam Curran,74,95,8,6,True,77.89
252,2019,Sunrisers Hyderabad,Kane Williamson,42,43,4,2,False,97.67
252,2019,Sunrisers Hyderabad,Abhishek Sharma,32,32,4,3,True,100.0
252,2019,Sunrisers Hyderabad,Rahul Tripathi,54,69,5,3,True,78.26
252,2019,Sunrisers Hyderabad,Nicholas Pooran,62,62,8,4,True,100.0
253,2020,Rajasthan Royals,Jos Buttler,45,45,7,2,False,100.0
253,2020,Rajasthan Royals,Sanju Samson,25,25,2,1,True,100.0
253,2020,Rajasthan Royals,Yashasvi Jaiswal,62,62,5,6,False,100.0
253,2020,Rajasthan Royals,Devdutt Padikkal,65,77,6,2,True,84.42
253,2020,Sunrisers Hyderabad,Kane Williamson,46,49,4,4,False,93.88
253,2020,Sunrisers Hyderabad,Abhishek Sharma,40,40,5,1,True,100.0
253,2020,Sunrisers Hyderabad,Rahul Tripathi,50,56,8,4,True,89.29
253,2020,Sunrisers Hyderabad,Nicholas Pooran,20,37,2,1,False,54.05
254,2020,Kolkata Knight Riders,Shreyas Iyer,54,54,6,1,True,100.0
254,2020,Kolkata Knight Riders,Venkatesh Iyer,42,42,4,2,True,100.0
254,2020,Kolkata Knight Riders,Andre Russell,49,60,8,2,True,81.67
254,2020,Kolkata Knight Riders,Nitish Rana,49,67,4,5,False,73.13
254,2020,Punjab Kings,Shikhar Dhawan,24,24,3,1,True,100.0
254,2020,Punjab Kings,Jonny Bairstow,69,77,6,3,True,89.61
254,2020,Punjab Kings,Liam Livingstone,19,25,3,1,True,76.0
254,2020,Punjab Kings,Sam Curran,36,36,4,2,False,100.0
255,2020,Royal Challengers Bangalore,Virat Kohli,68,74,11,6,True,91.89
255,2020,Royal Challengers Bangalore,Faf du Plessis,38,54,5,3,True,70.37
255,2020,Royal Challengers Bangalore,Glenn Maxwell,51,74,8,2,True,68.92
255,2020,Royal Challengers Bangalore,Dinesh Karthik,34,34,5,3,True,100.0
255,2020,Delhi Capitals,David Warner,26,37,3,1,True,70.27
255,2020,Delhi Capitals,Prithvi Shaw,20,20,2,0,True,100.0
255,2020,Delhi Capitals,Rishabh Pant,22,44,3,2,True,50.0
255,2020,Delhi Capitals,Axar Patel,21,27,3,2,True,77.78
256,2020,Chennai Super Kings,MS Dhoni,43,43,7,3,True,100.0
256,2020,Chennai Super Kings,Ruturaj Gaikwad,57,72,4,3,False,79.17
256,2020,Chennai Super Kings,Devon Conway,25,38,3,0,True,65.79
256,2020,Chennai Super Kings,Ambati Rayudu,78,99,13,7,True,78.79
256,2020,Mumbai Indians,Rohit Sharma,12,38,2,0,True,31.58
256,2020,Mumbai Indians,Ishan Kishan,14,14,1,1,True,100.0
256,2020,Mumbai Indians,Suryakumar Yadav,44,54,4,3,True,81.48
256,2020,Mumbai Indians,Hardik Pandya,38,53,4,2,True,71.7
257,2020,Chennai Super Kings,MS Dhoni,28,43,3,1,True,65.12
257,2020,Chennai Super Kings,Ruturaj Gaikwad,37,50,6,3,True,74.0
257,2020,Chennai Super Kings,Devon Conway,19,19,2,1,False,100.0
257,2020,Chennai Super Kings,Ambati Rayudu,63,89,5,4,True,70.79
257,2020,Kolkata Knight Riders,Shreyas Iyer,72,107,8,4,True,67.29
257,2020,Kolkata Knight Riders,Venkatesh Iyer,62,73,10,2,True,84.93
257,2020,Kolkata Knight Riders,Andre Russell,52,69,6,5,True,75.36
257,2020,Kolkata Knight Riders,Nitish Rana,60,71,8,2,True,84.51
258,2020,Delhi Capitals,David Warner,43,43,7,4,True,100.0
258,2020,Delhi Capitals,Prithvi Shaw,75,75,7,2,False,100.0
258,2020,Delhi Capitals,Rishabh Pant,42,45,5,3,True,93.33
258,2020,Delhi Capitals,Axar Patel,45,45,6,2,True,100.0
258,2020,Royal Challengers Bangalore,Virat Kohli,54,56,9,6,True,96.43
258,2020,Royal Challengers Bangalore,Faf du Plessis,11,11,1,0,False,100.0
258,2020,Royal Challengers Bangalore,Glenn Maxwell,54,67,8,4,True,80.6
258,2020,Royal Challengers Bangalore,Dinesh Karthik,62,62,5,7,False,100.0
259,2020,Punjab Kings,Shikhar Dhawan,57,74,7,4,True,77.03
259,2020,Punjab Kings,Jonny Bairstow,0,15,0,0,True,0.0
259,2020,Punjab Kings,Liam Livingstone,76,98,10,5,True,77.55
259,2020,Punjab Kings,Sam Curran,20,20,1,1,True,100.0
259,2020,Sunrisers Hyderabad,Kane Williamson,25,44,2,2,True,56.82
259,2020,Sunrisers Hyderabad,Abhishek Sharma,41,41,5,2,True,100.0
259,2020,Sunrisers Hyderabad,Rahul Tripathi,54,72,9,5,False,75.0
259,2020,Sunrisers Hyderabad,Nicholas Pooran,48,70,4,4,True,68.57
260,2020,Rajasthan Royals,Jos Buttler,73,85,6,5,True,85.88
260,2020,Rajasthan Royals,Sanju Samson,24,24,1,1,True,100.0
260,2020,Rajasthan Royals,Yashasvi Jaiswal,35,53,4,4,True,66.04
260,2020,Rajasthan Royals,Devdutt Padikkal,29,29,4,1,True,100.0
260,2020,Mumbai Indians,Rohit Sharma,37,46,5,2,True,80.43
260,2020,Mumbai Indians,Ishan Kishan,38,38,3,4,False,100.0
260,2020,Mumbai Indians,Suryakumar Yadav,15,15,2,0,True,100.0
260,2020,Mumbai Indians,Hardik Pandya,41,41,6,2,True,100.0
261,2020,Chennai Super Kings,MS Dhoni,25,26,3,1,True,96.15
261,2020,Chennai Super Kings,Ruturaj Gaikwad,61,87,5,6,True,70.11
261,2020,Chennai Super Kings,Devon Conway,32,32,2,2,True,100.0
261,2020,Chennai Super Kings,Ambati Rayudu,26,28,3,2,True,92.86
261,2020,Royal Challengers Bangalore,Virat Kohli,22,29,2,2,True,75.86
261,2020,Royal Challengers Bangalore,Faf du Plessis,19,29,1,1,True,65.52
261,2020,Royal Challengers Bangalore,Glenn Maxwell,23,23,3,1,False,100.0
261,2020,Royal Challengers Bangalore,Dinesh Karthik,32,32,2,2,True,100.0
262,2020,Sunrisers Hyderabad,Kane Williamson,10,10,1,0,True,100.0
262,2020,Sunrisers Hyderabad,Abhishek Sharma,21,40,2,2,True,52.5
262,2020,Sunrisers Hyderabad,Rahul Tripathi,22,22,2,0,True,100.0
262,2020,Sunrisers Hyderabad,Nicholas Pooran,23,23,2,2,True,100.0
262,2020,Mumbai Indians,Rohit Sharma,54,75,5,2,True,72.0
262,2020,Mumbai Indians,Ishan Kishan,47,59,7,5,True,79.66
262,2020,Mumbai Indians,Suryakumar Yadav,38,50,6,1,True,76.0
262,2020,Mumbai Indians,Hardik Pandya,22,22,2,2,True,100.0
263,2020,Rajasthan Royals,Jos Buttler,56,64,6,5,True,87.5
263,2020,Rajasthan Royals,Sanju Samson,29,45,4,3,True,64.44
263,2020,Rajasthan Royals,Yashasvi Jaiswal,37,37,3,1,False,100.0
263,2020,Rajasthan Royals,Devdutt Padikkal,86,111,12,5,True,77.48
263,2020,Kolkata Knight Riders,Shreyas Iyer,36,55,5,1,True,65.45
263,2020,Kolkata Knight Riders,Venkatesh Iyer,25,25,3,1,True,100.0
263,2020,Kolkata Knight Riders,Andre Russell,70,70,6,2,True,100.0
263,2020,Kolkata Knight Riders,Nitish Rana,51,57,4,5,True,89.47
264,2020,Delhi Capitals,David Warner,16,16,1,1,True,100.0
264,2020,Delhi Capitals,Prithvi Shaw,56,73,5,4,True,76.71
264,2020,Delhi Capitals,Rishabh Pant,24,39,3,2,True,61.54
264,2020,Delhi Capitals,Axar Patel,37,37,4,3,False,100.0
264,2020,Punjab Kings,Shikhar Dhawan,47,47,6,4,True,100.0
264,2020,Punjab Kings,Jonny Bairstow,44,44,3,1,True,100.0
264,2020,Punjab Kings,Liam Livingstone,62,63,9,6,False,98.41
264,2020,Punjab Kings,Sam Curran,44,47,4,2,True,93.62
265,2020,Kolkata Knight Riders,Shreyas Iyer,79,96,11,5,True,82.29
265,2020,Kolkata Knight Riders,Venkatesh Iyer,82,100,6,7,True,82.0
265,2020,Kolkata Knight Riders,Andre Russell,48,48,7,2,True,100.0
265,2020,Kolkata Knight Riders,Nitish Rana,41,41,6,3,True,100.0
265,2020,Sunrisers Hyderabad,Kane Williamson,51,72,5,5,True,70.83
265,2020,Sunrisers Hyderabad,Abhishek Sharma,46,57,4,4,False,80.7
265,2020,Sunrisers Hyderabad,Rahul Tripathi,65,75,6,3,True,86.67
265,2020,Sunrisers Hyderabad,Nicholas Pooran,33,33,5,1,True,100.0
266,2020,Rajasthan Royals,Jos Buttler,56,63,8,2,True,88.89
266,2020,Rajasthan Royals,Sanju Samson,42,52,7,4,True,80.77
266,2020,Rajasthan Royals,Yashasvi Jaiswal,51,51,5,5,False,100.0
266,2020,Rajasthan Royals,Devdutt Padikkal,25,51,2,2,True,49.02
266,2020,Royal Challengers Bangalore,Virat Kohli,23,28,3,2,False,82.14
266,2020,Royal Challengers Bangalore,Faf du Plessis,38,51,5,2,True,74.51
266,2020,Royal Challengers Bangalore,Glenn Maxwell,45,52,7,2,True,86.54
266,2020,Royal Challengers Bangalore,Dinesh Karthik,47,60,3,2,True,78.33
267,2020,Punjab Kings,Shikhar Dhawan,54,57,5,3,False,94.74
267,2020,Punjab Kings,Jonny Bairstow,66,77,8,4,False,85.71
267,2020,Punjab Kings,Liam Livingstone,48,79,7,5,True,60.76
267,2020,Punjab Kings,Sam Curran,51,86,9,5,False,59.3
267,2020,Mumbai Indians,Rohit Sharma,13,28,1,1,True,46.43
267,2020,Mumbai Indians,Ishan Kishan,31,43,4,2,True,72.09
267,2020,Mumbai Indians,Suryakumar Yadav,50,83,6,3,True,60.24
267,2020,Mumbai Indians,Hardik Pandya,74,80,9,5,True,92.5
268,2020,Chennai Super Kings,MS Dhoni,55,55,8,3,True,100.0
268,2020,Chennai Super Kings,Ruturaj Gaikwad,27,33,2,1,True,81.82
268,2020,Chennai Super Kings,Devon Conway,37,42,3,4,True,88.1
268,2020,Chennai Super Kings,Ambati Rayudu,26,46,3,2,True,56.52
268,2020,Delhi Capitals,David Warner,8,33,1,0,False,24.24
268,2020,Delhi Capitals,Prithvi Shaw,68,68,11,3,True,100.0
268,2020,Delhi Capitals,Rishabh Pant,5,5,0,0,False,100.0
268,2020,Delhi Capitals,Axar Patel,23,38,2,1,True,60.53
269,2020,Mumbai Indians,Rohit Sharma,49,53,8,2,True,92.45
269,2020,Mumbai Indians,Ishan Kishan,69,79,7,2,True,87.34
269,2020,Mumbai Indians,Suryakumar Yadav,37,49,4,4,True,75.51
269,2020,Mumbai Indians,Hardik Pandya,48,74,8,4,False,64.86
269,2020,Royal Challengers Bangalore,Virat Kohli,71,80,6,4,True,88.75
269,2020,Royal Challengers Bangalore,Faf du Plessis,31,42,3,2,True,73.81
269,2020,Royal Challengers Bangalore,Glenn Maxwell,50,52,4,2,True,96.15
269,2020,Royal Challengers Bangalore,Dinesh Karthik,68,68,6,8,True,100.0
270,2020,Kolkata Knight Riders,Shreyas Iyer,13,24,1,0,True,54.17
270,2020,Kolkata Knight Riders,Venkatesh Iyer,69,79,7,4,True,87.34
270,2020,Kolkata Knight Riders,Andre Russell,47,74,5,4,True,63.51
270,2020,Kolkata Knight Riders,Nitish Rana,56,56,8,5,True,100.0
270,2020,Delhi Capitals,David Warner,53,53,8,3,True,100.0
270,2020,Delhi Capitals,Prithvi Shaw,58,74,9,4,False,78.38
270,2020,Delhi Capitals,Rishabh Pant,51,56,4,3,True,91.07
270,2020,Delhi Capitals,Axar Patel,60,68,5,3,False,88.24
271,2020,Chennai Super Kings,MS Dhoni,42,42,6,1,False,100.0
271,2020,Chennai Super Kings,Ruturaj Gaikwad,46,55,5,3,False,83.64
271,2020,Chennai Super Kings,Devon Conway,29,41,5,3,True,70.73
271,2020,Chennai Super Kings,Ambati Rayudu,41,41,5,3,True,100.0
271,2020,Sunrisers Hyderabad,Kane Williamson,59,64,8,4,True,92.19
271,2020,Sunrisers Hyderabad,Abhishek Sharma,56,71,9,5,True,78.87
271,2020,Sunrisers Hyderabad,Rahul Tripathi,71,83,12,2,True,85.54
271,2020,Sunrisers Hyderabad,Nicholas Pooran,46,64,4,1,True,71.88
272,2020,Punjab Kings,Shikhar Dhawan,41,60,4,4,False,68.33
272,2020,Punjab Kings,Jonny Bairstow,54,68,7,4,True,79.41
272,2020,Punjab Kings,Liam Livingstone,20,35,2,1,True,57.14
272,2020,Punjab Kings,Sam Curran,60,64,8,2,False,93.75
272,2020,Rajasthan Royals,Jos Buttler,54,59,9,5,True,91.53
272,2020,Rajasthan Royals,Sanju Samson,39,49,3,3,True,79.59
272,2020,Rajasthan Royals,Yashasvi Jaiswal,44,64,7,4,False,68.75
272,2020,Rajasthan Royals,Devdutt Padikkal,49,57,4,1,True,85.96
273,2020,Chennai Super Kings,MS Dhoni,66,82,6,2,False,80.49
273,2020,Chennai Super Kings,Ruturaj Gaikwad,22,22,1,1,False,100.0
273,2020,Chennai Super Kings,Devon Conway,45,63,6,3,True,71.43
273,2020,Chennai Super Kings,Ambati Rayudu,19,31,1,2,True,61.29
273,2020,Sunrisers Hyderabad,Kane Williamson,31,56,4,1,False,55.36
273,2020,Sunrisers Hyderabad,Abhishek Sharma,29,42,4,0,True,69.05
273,2020,Sunrisers Hyderabad,Rahul Tripathi,55,71,4,4,True,77.46
273,2020,Sunrisers Hyderabad,Nicholas Pooran,50,50,4,2,True,100.0
274,2020,Rajasthan Royals,Jos Buttler,45,55,6,4,True,81.82
274,2020,Rajasthan Royals,Sanju Samson,48,70,6,4,True,68.57
274,2020,Rajasthan Royals,Yashasvi Jaiswal,51,63,7,1,True,80.95
274,2020,Rajasthan Royals,Devdutt Padikkal,62,70,10,2,False,88.57
274,2020,Royal Challengers Bangalore,Virat Kohli,23,23,2,0,True,100.0
274,2020,Royal Challengers Bangalore,Faf du Plessis,24,24,4,1,False,100.0
274,2020,Royal Challengers Bangalore,Glenn Maxwell,25,25,2,1,True,100.0
274,2020,Royal Challengers Bangalore,Dinesh Karthik,15,15,1,0,True,100.0
275,2020,Delhi Capitals,David Warner,27,29,3,3,True,93.1
275,2020,Delhi Capitals,Prithvi Shaw,56,71,4,4,False,78.87
275,2020,Delhi Capitals,Rishabh Pant,47,59,7,4,True,79.66
275,2020,Delhi Capitals,Axar Patel,48,66,5,1,False,72.73
275,2020,Punjab Kings,Shikhar Dhawan,20,26,2,1,False,76.92
275,2020,Punjab Kings,Jonny Bairstow,42,54,6,4,False,77.78
275,2020,Punjab Kings,Liam Livingstone,42,50,6,1,True,84.0
275,2020,Punjab Kings,Sam Curran,49,59,5,4,True,83.05
276,2020,Mumbai Indians,Rohit Sharma,39,47,3,3,False,82.98
276,2020,Mumbai Indians,Ishan Kishan,79,79,12,6,True,100.0
276,2020,Mumbai Indians,Suryakumar Yadav,75,103,11,6,False,72.82
276,2020,Mumbai Indians,Hardik Pandya,83,104,7,5,False,79.81
276,2020,Kolkata Knight Riders,Shreyas Iyer,48,52,4,5,False,92.31
276,2020,Kolkata Knight Riders,Venkatesh Iyer,43,58,6,3,True,74.14
276,2020,Kolkata Knight Riders,Andre Russell,24,24,2,1,False,100.0
276,2020,Kolkata Knight Riders,Nitish Rana,27,27,4,2,True,100.0
277,2020,Sunrisers Hyderabad,Kane Williamson,43,43,6,1,False,100.0
277,2020,Sunrisers Hyderabad,Abhishek Sharma,0,8,0,0,True,0.0
277,2020,Sunrisers Hyderabad,Rahul Tripathi,50,70,8,1,False,71.43
277,2020,Sunrisers Hyderabad,Nicholas Pooran,37,45,4,2,True,82.22
277,2020,Rajasthan Royals,Jos Buttler,28,28,2,2,True,100.0
277,2020,Rajasthan Royals,Sanju Samson,30,34,3,1,False,88.24
277,2020,Rajasthan Royals,Yashasvi Jaiswal,31,31,5,3,True,100.0
277,2020,Rajasthan Royals,Devdutt Padikkal,46,51,5,4,True,90.2
278,2020,Punjab Kings,Shikhar Dhawan,59,79,6,1,True,74.68
278,2020,Punjab Kings,Jonny Bairstow,61,62,10,7,True,98.39
278,2020,Punjab Kings,Liam Livingstone,38,49,3,2,False,77.55
278,2020,Punjab Kings,Sam Curran,34,36,5,3,True,94.44
278,2020,Delhi Capitals,David Warner,24,24,3,1,True,100.0
278,2020,Delhi Capitals,Prithvi Shaw,23,51,3,2,True,45.1
278,2020,Delhi Capitals,Rishabh Pant,48,48,7,4,True,100.0
278,2020,Delhi Capitals,Axar Patel,53,53,6,5,True,100.0
279,2020,Kolkata Knight Riders,Shreyas Iyer,23,23,2,1,True,100.0
279,2020,Kolkata Knight Riders,Venkatesh Iyer,57,88,8,3,True,64.77
279,2020,Kolkata Knight Riders,Andre Russell,44,57,4,2,True,77.19
279,2020,Kolkata Knight Riders,Nitish Rana,71,89,5,6,True,79.78
279,2020,Mumbai Indians,Rohit Sharma,43,64,4,5,False,67.19
279,2020,Mumbai Indians,Ishan Kishan,38,59,3,4,True,64.41
279,2020,Mumbai Indians,Suryakumar Yadav,39,56,4,4,True,69.64
279,2020,Mumbai Indians,Hardik Pandya,40,43,5,1,True,93.02
280,2020,Chennai Super Kings,MS Dhoni,34,35,5,1,False,97.14
280,2020,Chennai Super Kings,Ruturaj Gaikwad,48,59,8,4,True,81.36
280,2020,Chennai Super Kings,Devon Conway,30,33,3,1,True,90.91
280,2020,Chennai Super Kings,Ambati Rayudu,50,55,4,2,True,90.91
280,2020,Royal Challengers Bangalore,Virat Kohli,57,94,4,4,False,60.64
280,2020,Royal Challengers Bangalore,Faf du Plessis,32,32,2,3,True,100.0
280,2020,Royal Challengers Bangalore,Glenn Maxwell,38,52,5,3,True,73.08
280,2020,Royal Challengers Bangalore,Dinesh Karthik,9,9,0,0,True,100.0
281,2021,Delhi Capitals,David Warner,26,26,3,2,True,100.0
281,2021,Delhi Capitals,Prithvi Shaw,14,17,2,0,True,82.35
281,2021,Delhi Capitals,Rishabh Pant,30,30,5,3,True,100.0
281,2021,Delhi Capitals,Axar Patel,84,99,10,4,False,84.85
281,2021,Punjab Kings,Shikhar Dhawan,76,81,9,7,True,93.83
281,2021,Punjab Kings,Jonny Bairstow,31,44,5,3,False,70.45
281,2021,Punjab Kings,Liam Livingstone,58,58,5,4,True,100.0
281,2021,Punjab Kings,Sam Curran,86,110,10,6,False,78.18
282,2021,Chennai Super Kings,MS Dhoni,36,45,6,1,True,80.0
282,2021,Chennai Super Kings,Ruturaj Gaikwad,42,53,5,1,True,79.25
282,2021,Chennai Super Kings,Devon Conway,59,59,10,3,True,100.0
282,2021,Chennai Super Kings,Ambati Rayudu,68,88,11,3,True,77.27
282,2021,Mumbai Indians,Rohit Sharma,31,42,3,1,True,73.81
282,2021,Mumbai Indians,Ishan Kishan,61,61,10,1,True,100.0
282,2021,Mumbai Indians,Suryakumar Yadav,65,79,8,5,True,82.28
282,2021,Mumbai Indians,Hardik Pandya,40,46,5,2,True,86.96
283,2021,Rajasthan Royals,Jos Buttler,30,34,5,3,True,88.24
283,2021,Rajasthan Royals,Sanju Samson,68,68,7,6,True,100.0
283,2021,Rajasthan Royals,Yashasvi Jaiswal,45,45,6,1,False,100.0
283,2021,Rajasthan Royals,Devdutt Padikkal,23,29,2,2,True,79.31
283,2021,Kolkata Knight Riders,Shreyas Iyer,33,33,3,2,False,100.0
283,2021,Kolkata Knight Riders,Venkatesh Iyer,47,52,8,5,False,90.38
283,2021,Kolkata Knight Riders,Andre Russell,42,61,5,3,False,68.85
283,2021,Kolkata Knight Riders,Nitish Rana,21,21,1,2,False,100.0
284,2021,Sunrisers Hyderabad,Kane Williamson,54,54,4,4,True,100.0
284,2021,Sunrisers Hyderabad,Abhishek Sharma,38,49,5,3,True,77.55
284,2021,Sunrisers Hyderabad,Rahul Tripathi,41,41,7,2,True,100.0
284,2021,Sunrisers Hyderabad,Nicholas Pooran,60,80,10,6,False,75.0
284,2021,Royal Challengers Bangalore,Virat Kohli,45,63,5,4,True,71.43
284,2021,Royal Challengers Bangalore,Faf du Plessis,25,30,4,1,True,83.33
284,2021,Royal Challengers Bangalore,Glenn Maxwell,67,91,6,7,True,73.63
284,2021,Royal Challengers Bangalore,Dinesh Karthik,34,34,5,3,False,100.0
285,2021,Kolkata Knight Riders,Shreyas Iyer,54,79,5,1,True,68.35
285,2021,Kolkata Knight Riders,Venkatesh Iyer,41,41,6,1,True,100.0
285,2021,Kolkata Knight Riders,Andre Russell,62,72,6,6,True,86.11
285,2021,Kolkata Knight Riders,Nitish Rana,72,86,11,7,False,83.72
285,2021,Mumbai Indians,Rohit Sharma,48,48,7,4,False,100.0
285,2021,Mumbai Indians,Ishan Kishan,67,67,10,4,True,100.0
285,2021,Mumbai Indians,Suryakumar Yadav,12,12,1,0,True,100.0
285,2021,Mumbai Indians,Hardik Pandya,36,36,3,2,False,100.0
286,2021,Rajasthan Royals,Jos Buttler,39,53,3,3,True,73.58
286,2021,Rajasthan Royals,Sanju Samson,63,86,7,6,True,73.26
286,2021,Rajasthan Royals,Yashasvi Jaiswal,24,34,2,2,True,70.59
286,2021,Rajasthan Royals,Devdutt Padikkal,17,17,1,0,True,100.0
286,2021,Chennai Super Kings,MS Dhoni,37,61,3,2,True,60.66
286,2021,Chennai Super Kings,Ruturaj Gaikwad,19,19,2,1,True,100.0
286,2021,Chennai Super Kings,Devon Conway,43,56,5,3,True,76.79
286,2021,Chennai Super Kings,Ambati Rayudu,49,68,4,5,False,72.06
287,2021,Royal Challengers Bangalore,Virat Kohli,20,25,2,2,True,80.0
287,2021,Royal Challengers Bangalore,Faf du Plessis,16,16,2,1,True,100.0
287,2021,Royal Challengers Bangalore,Glenn Maxwell,30,30,2,2,True,100.0
287,2021,Royal Challengers Bangalore,Dinesh Karthik,41,41,4,3,True,100.0
287,2021,Delhi Capitals,David Warner,59,68,6,5,True,86.76
287,2021,Delhi Capitals,Prithvi Shaw,30,47,3,2,True,63.83
287,2021,Delhi Capitals,Rishabh Pant,39,48,4,3,True,81.25
287,2021,Delhi Capitals,Axar Patel,37,37,3,2,True,100.0
288,2021,Punjab Kings,Shikhar Dhawan,12,21,1,1,False,57.14
288,2021,Punjab Kings,Jonny Bairstow,39,57,6,2,True,68.42
288,2021,Punjab Kings,Liam Livingstone,40,40,3,4,True,100.0
288,2021,Punjab Kings,Sam Curran,15,15,1,1,True,100.0
288,2021,Sunrisers Hyderabad,Kane Williamson,54,54,8,5,False,100.0
288,2021,Sunrisers Hyderabad,Abhishek Sharma,9,25,1,0,False,36.0
288,2021,Sunrisers Hyderabad,Rahul Tripathi,33,33,5,2,True,100.0
288,2021,Sunrisers Hyderabad,Nicholas Pooran,68,68,12,5,True,100.0
289,2021,Mumbai Indians,Rohit Sharma,62,71,8,6,True,87.32
289,2021,Mumbai Indians,Ishan Kishan,40,40,5,3,True,100.0
289,2021,Mumbai Indians,Suryakumar Yadav,70,85,6,4,False,82.35
289,2021,Mumbai Indians,Hardik Pandya,84,115,10,6,True,73.04
289,2021,Rajasthan Royals,Jos Buttler,45,66,4,1,True,68.18
289,2021,Rajasthan Royals,Sanju Samson,32,32,4,2,True,100.0
289,2021,Rajasthan Royals,Yashasvi Jaiswal,22,22,2,1,True,100.0
289,2021,Rajasthan Royals,Devdutt Padikkal,52,61,8,3,True,85.25
290,2021,Chennai Super Kings,MS Dhoni,43,57,5,1,False,75.44
290,2021,Chennai Super Kings,Ruturaj Gaikwad,39,39,4,2,True,100.0
290,2021,Chennai Super Kings,Devon Conway,40,46,4,3,True,86.96
290,2021,Chennai Super Kings,Ambati Rayudu,49,61,5,1,True,80.33
290,2021,Royal Challengers Bangalore,Virat Kohli,29,35,2,2,True,82.86
290,2021,Royal Challengers Bangalore,Faf du Plessis,17,22,2,1,True,77.27
290,2021,Royal Challengers Bangalore,Glenn Maxwell,43,56,3,4,True,76.79
290,2021,Royal Challengers Bangalore,Dinesh Karthik,25,34,3,1,True,73.53
291,2021,Delhi Capitals,David Warner,27,27,3,1,False,100.0
291,2021,Delhi Capitals,Prithvi Shaw,47,66,6,2,True,71.21
291,2021,Delhi Capitals,Rishabh Pant,17,20,2,1,True,85.0
291,2021,Delhi Capitals,Axar Patel,17,17,2,0,False,100.0
291,2021,Sunrisers Hyderabad,Kane Williamson,0,0,0,0,True,0.0
291,2021,Sunrisers Hyderabad,Abhishek Sharma,32,41,4,1,True,78.05
291,2021,Sunrisers Hyderabad,Rahul Tripathi,26,52,3,2,True,50.0
291,2021,Sunrisers Hyderabad,Nicholas Pooran,48,48,7,1,True,100.0
292,2021,Kolkata Knight Riders,Shreyas Iyer,48,48,7,5,True,100.0
292,2021,Kolkata Knight Riders,Venkatesh Iyer,74,74,7,7,True,100.0
292,2021,Kolkata Knight Riders,Andre Russell,53,58,7,5,True,91.38
292,2021,Kolkata Knight Riders,Nitish Rana,68,101,5,5,True,67.33
292,2021,Punjab Kings,Shikhar Dhawan,36,64,5,2,True,56.25
292,2021,Punjab Kings,Jonny Bairstow,28,28,4,2,False,100.0
292,2021,Punjab Kings,Liam Livingstone,33,56,4,3,True,58.93
292,2021,Punjab Kings,Sam Curran,51,54,8,5,True,94.44
293,2021,Rajasthan Royals,Jos Buttler,1,1,0,0,False,100.0
293,2021,Rajasthan Royals,Sanju Samson,30,47,4,1,True,63.83
293,2021,Rajasthan Royals,Yashasvi Jaiswal,80,94,9,8,True,85.11
293,2021,Rajasthan Royals,Devdutt Padikkal,76,90,12,8,True,84.44
293,2021,Kolkata Knight Riders,Shreyas Iyer,50,50,4,2,True,100.0
293,2021,Kolkata Knight Riders,Venkatesh Iyer,48,73,3,4,True,65.75
293,2021,Kolkata Knight Riders,Andre Russell,20,24,2,2,True,83.33
293,2021,Kolkata Knight Riders,Nitish Rana,29,29,3,1,False,100.0
294,2021,Sunrisers Hyderabad,Kane Williamson,47,47,6,3,True,100.0
294,2021,Sunrisers Hyderabad,Abhishek Sharma,42,42,5,4,False,100.0
294,2021,Sunrisers Hyderabad,Rahul Tripathi,44,61,7,1,True,72.13
294,2021,Sunrisers Hyderabad,Nicholas Pooran,63,76,5,3,True,82.89
294,2021,Mumbai Indians,Rohit Sharma,61,68,10,2,True,89.71
294,2021,Mumbai Indians,Ishan Kishan,41,57,3,2,True,71.93
294,2021,Mumbai Indians,Suryakumar Yadav,14,36,1,1,True,38.89
294,2021,Mumbai Indians,Hardik Pandya,54,64,5,2,False,84.38
295,2021,Punjab Kings,Shikhar Dhawan,45,48,4,4,True,93.75
295,2021,Punjab Kings,Jonny Bairstow,54,59,7,4,False,91.53
295,2021,Punjab Kings,Liam Livingstone,24,53,3,1,True,45.28
295,2021,Punjab Kings,Sam Curran,20,29,1,0,True,68.97
295,2021,Royal Challengers Bangalore,Virat Kohli,50,61,7,4,True,81.97
295,2021,Royal Challengers Bangalore,Faf du Plessis,32,33,3,2,True,96.97
295,2021,Royal Challengers Bangalore,Glenn Maxwell,67,67,5,6,True,100.0
295,2021,Royal Challengers Bangalore,Dinesh Karthik,60,71,6,5,True,84.51
296,2021,Chennai Super Kings,MS Dhoni,28,45,4,3,True,62.22
296,2021,Chennai Super Kings,Ruturaj Gaikwad,23,43,4,1,True,53.49
296,2021,Chennai Super Kings,Devon Conway,76,79,6,6,False,96.2
296,2021,Chennai Super Kings,Ambati Rayudu,54,61,4,2,False,88.52
296,2021,Delhi Capitals,David Warner,75,88,8,3,False,85.23
296,2021,Delhi Capitals,Prithvi Shaw,2,8,0,0,True,25.0
296,2021,Delhi Capitals,Rishabh Pant,2,2,0,0,True,100.0
296,2021,Delhi Capitals,Axar Patel,13,13,1,0,True,100.0
297,2021,Chennai Super Kings,MS Dhoni,21,46,1,1,True,45.65
297,2021,Chennai Super Kings,Ruturaj Gaikwad,9,12,1,0,True,75.0
297,2021,Chennai Super Kings,Devon Conway,72,83,9,8,False,86.75
297,2021,Chennai Super Kings,Ambati Rayudu,52,52,5,5,True,100.0
297,2021,Rajasthan Royals,Jos Buttler,58,64,8,3,True,90.62
297,2021,Rajasthan Royals,Sanju Samson,64,87,11,6,True,73.56
297,2021,Rajasthan Royals,Yashasvi Jaiswal,70,70,9,4,True,100.0
297,2021,Rajasthan Royals,Devdutt Padikkal,12,18,1,0,False,66.67
298,2021,Sunrisers Hyderabad,Kane Williamson,50,75,4,5,True,66.67
298,2021,Sunrisers Hyderabad,Abhishek Sharma,32,39,4,1,True,82.05
298,2021,Sunrisers Hyderabad,Rahul Tripathi,52,54,7,5,True,96.3
298,2021,Sunrisers Hyderabad,Nicholas Pooran,52,70,4,3,True,74.29
298,2021,Royal Challengers Bangalore,Virat Kohli,65,72,9,4,True,90.28
298,2021,Royal Challengers Bangalore,Faf du Plessis,25,33,2,2,False,75.76
298,2021,Royal Challengers Bangalore,Glenn Maxwell,34,40,5,1,False,85.0
298,2021,Royal Challengers Bangalore,Dinesh Karthik,15,15,2,1,False,100.0
299,2021,Mumbai Indians,Rohit Sharma,57,85,8,5,True,67.06
299,2021,Mumbai Indians,Ishan Kishan,49,57,8,1,True,85.96
299,2021,Mumbai Indians,Suryakumar Yadav,45,56,6,2,False,80.36
299,2021,Mumbai Indians,Hardik Pandya,33,33,3,3,True,100.0
299,2021,Delhi Capitals,David Warner,33,50,3,3,True,66.0
299,2021,Delhi Capitals,Prithvi Shaw,46,63,7,4,True,73.02
299,2021,Delhi Capitals,Rishabh Pant,52,75,4,3,True,69.33
299,2021,Delhi Capitals,Axar Patel,48,74,8,2,True,64.86
300,2021,Kolkata Knight Riders,Shreyas Iyer,32,36,3,0,True,88.89
300,2021,Kolkata Knight Riders,Venkatesh Iyer,54,54,9,4,True,100.0
300,2021,Kolkata Knight Riders,Andre Russell,69,75,9,4,True,92.0
300,2021,Kolkata Knight Riders,Nitish Rana,63,63,7,6,True,100.0
300,2021,Punjab Kings,Shikhar Dhawan,55,64,8,5,False,85.94
300,2021,Punjab Kings,Jonny Bairstow,38,38,3,2,False,100.0
300,2021,Punjab Kings,Liam Livingstone,51,66,6,1,True,77.27
300,2021,Punjab Kings,Sam Curran,34,34,4,1,False,100.0
301,2021,Chennai Super Kings,MS Dhoni,37,51,4,2,False,72.55
301,2021,Chennai Super Kings,Ruturaj Gaikwad,45,68,4,2,True,66.18
301,2021,Chennai Super Kings,Devon Conway,63,76,11,3,True,82.89
301,2021,Chennai Super Kings,Ambati Rayudu,43,76,6,2,False,56.58
301,2021,Punjab Kings,Shikhar Dhawan,37,58,4,1,True,63.79
301,2021,Punjab Kings,Jonny Bairstow,57,62,9,6,False,91.94
301,2021,Punjab Kings,Liam Livingstone,38,54,3,3,True,70.37
301,2021,Punjab Kings,Sam Curran,21,21,2,1,True,100.0
302,2021,Rajasthan Royals,Jos Buttler,42,51,7,2,True,82.35
302,2021,Rajasthan Royals,Sanju Samson,35,41,4,1,False,85.37
302,2021,Rajasthan Royals,Yashasvi Jaiswal,77,79,12,9,True,97.47
302,2021,Rajasthan Royals,Devdutt Padikkal,33,38,2,2,True,86.84
302,2021,Kolkata Knight Riders,Shreyas Iyer,53,76,4,2,True,69.74
302,2021,Kolkata Knight Riders,Venkatesh Iyer,44,59,4,2,False,74.58
302,2021,Kolkata Knight Riders,Andre Russell,59,74,6,2,False,79.73
302,2021,Kolkata Knight Riders,Nitish Rana,56,78,7,4,True,71.79
303,2021,Royal Challengers Bangalore,Virat Kohli,2,21,0,0,True,9.52
303,2021,Royal Challengers Bangalore,Faf du Plessis,48,55,6,5,True,87.27
303,2021,Royal Challengers Bangalore,Glenn Maxwell,25,42,3,1,True,59.52
303,2021,Royal Challengers Bangalore,Dinesh Karthik,17,19,2,0,True,89.47
303,2021,Mumbai Indians,Rohit Sharma,58,67,5,5,True,86.57
303,2021,Mumbai Indians,Ishan Kishan,62,62,8,5,True,100.0
303,2021,Mumbai Indians,Suryakumar Yadav,30,30,2,2,False,100.0
303,2021,Mumbai Indians,Hardik Pandya,32,32,2,3,False,100.0
304,2021,Sunrisers Hyderabad,Kane Williamson,5,5,0,0,True,100.0
304,2021,Sunrisers Hyderabad,Abhishek Sharma,49,64,6,1,True,76.56
304,2021,Sunrisers Hyderabad,Rahul Tripathi,35,36,5,1,False,97.22
304,2021,Sunrisers Hyderabad,Nicholas Pooran,45,45,7,2,False,100.0
304,2021,Delhi Capitals,David Warner,60,78,10,2,True,76.92
304,2021,Delhi Capitals,Prithvi Shaw,52,82,4,2,True,63.41
304,2021,Delhi Capitals,Rishabh Pant,55,73,7,4,True,75.34
304,2021,Delhi Capitals,Axar Patel,42,42,3,2,True,100.0
305,2021,Mumbai Indians,Rohit Sharma,45,53,4,1,False,84.91
305,2021,Mumbai Indians,Ishan Kishan,39,72,3,3,True,54.17
305,2021,Mumbai Indians,Suryakumar Yadav,36,47,5,1,False,76.6
305,2021,Mumbai Indians,Hardik Pandya,53,64,5,5,True,82.81
305,2021,Delhi Capitals,David Warner,56,59,8,6,True,94.92
305,2021,Delhi Capitals,Prithvi Shaw,2,3,0,0,True,66.67
305,2021,Delhi Capitals,Rishabh Pant,9,9,1,1,True,100.0
305,2021,Delhi Capitals,Axar Patel,70,82,10,2,True,85.37
306,2021,Sunrisers Hyderabad,Kane Williamson,67,78,7,4,False,85.9
306,2021,Sunrisers Hyderabad,Abhishek Sharma,52,72,5,2,True,72.22
306,2021,Sunrisers Hyderabad,Rahul Tripathi,38,39,5,1,True,97.44
306,2021,Sunrisers Hyderabad,Nicholas Pooran,52,52,7,4,True,100.0
306,2021,Rajasthan Royals,Jos Buttler,54,67,6,2,True,80.6
306,2021,Rajasthan Royals,Sanju Samson,57,69,7,2,True,82.61
306,2021,Rajasthan Royals,Yashasvi Jaiswal,33,54,5,1,False,61.11
306,2021,Rajasthan Royals,Devdutt Padikkal,23,23,3,1,True,100.0
307,2021,Punjab Kings,Shikhar Dhawan,39,50,3,2,False,78.0
307,2021,Punjab Kings,Jonny Bairstow,14,16,1,0,True,87.5
307,2021,Punjab Kings,Liam Livingstone,39,43,3,3,True,90.7
307,2021,Punjab Kings,Sam Curran,73,77,11,8,True,94.81
307,2021,Royal Challengers Bangalore,Virat Kohli,77,79,12,3,False,97.47
307,2021,Royal Challengers Bangalore,Faf du Plessis,58,82,9,2,True,70.73
307,2021,Royal Challengers Bangalore,Glenn Maxwell,51,72,5,4,False,70.83
307,2021,Royal Challengers Bangalore,Dinesh Karthik,25,42,3,2,True,59.52
308,2021,Kolkata Knight Riders,Shreyas Iyer,15,15,1,1,True,100.0
308,2021,Kolkata Knight Riders,Venkatesh Iyer,25,34,3,1,True,73.53
308,2021,Kolkata Knight Riders,Andre Russell,21,21,3,1,True,100.0
308,2021,Kolkata Knight Riders,Nitish Rana,20,23,3,1,True,86.96
308,2021,Chennai Super Kings,MS Dhoni,10,10,0,0,True,100.0
308,2021,Chennai Super Kings,Ruturaj Gaikwad,49,57,4,1,True,85.96
308,2021,Chennai Super Kings,Devon Conway,0,0,0,0,True,0.0
308,2021,Chennai Super Kings,Ambati Rayudu,13,28,1,1,True,46.43
309,2022,Chennai Super Kings,MS Dhoni,36,68,5,3,True,52.94
309,2022,Chennai Super Kings,Ruturaj Gaikwad,45,45,5,1,False,100.0
309,2022,Chennai Super Kings,Devon Conway,68,68,8,2,True,100.0
309,2022,Chennai Super Kings,Ambati Rayudu,19,29,1,2,True,65.52
309,2022,Royal Challengers Bangalore,Virat Kohli,13,13,1,1,False,100.0
309,2022,Royal Challengers Bangalore,Faf du Plessis,33,33,2,3,True,100.0
309,2022,Royal Challengers Bangalore,Glenn Maxwell,33,48,3,1,True,68.75
309,2022,Royal Challengers Bangalore,Dinesh Karthik,33,38,3,1,True,86.84
310,2022,Mumbai Indians,Rohit Sharma,9,9,1,0,True,100.0
310,2022,Mumbai Indians,Ishan Kishan,11,15,1,0,False,73.33
310,2022,Mumbai Indians,Suryakumar Yadav,16,16,1,1,False,100.0
310,2022,Mumbai Indians,Hardik Pandya,91,97,7,7,False,93.81
310,2022,Rajasthan Royals,Jos Buttler,32,32,3,3,True,100.0
310,2022,Rajasthan Royals,Sanju Samson,58,58,6,4,True,100.0
310,2022,Rajasthan Royals,Yashasvi Jaiswal,41,44,7,2,True,93.18
310,2022,Rajasthan Royals,Devdutt Padikkal,45,47,7,2,True,95.74
311,2022,Sunrisers Hyderabad,Kane Williamson,54,86,6,6,True,62.79
311,2022,Sunrisers Hyderabad,Abhishek Sharma,51,77,7,3,False,66.23
311,2022,Sunrisers Hyderabad,Rahul Tripathi,59,71,4,4,True,83.1
311,2022,Sunrisers Hyderabad,Nicholas Pooran,54,67,4,1,True,80.6
311,2022,Delhi Capitals,David Warner,25,31,2,0,False,80.65
311,2022,Delhi Capitals,Prithvi Shaw,67,76,9,6,True,88.16
311,2022,Delhi Capitals,Rishabh Pant,10,10,1,1,True,100.0
311,2022,Delhi Capitals,Axar Patel,47,47,6,1,True,100.0
312,2022,Kolkata Knight Riders,Shreyas Iyer,63,84,6,6,True,75.0
312,2022,Kolkata Knight Riders,Venkatesh Iyer,52,59,6,5,True,88.14
312,2022,Kolkata Knight Riders,Andre Russell,66,74,9,4,True,89.19
312,2022,Kolkata Knight Riders,Nitish Rana,38,54,5,4,True,70.37
312,2022,Punjab Kings,Shikhar Dhawan,26,42,4,0,True,61.9
312,2022,Punjab Kings,Jonny Bairstow,29,46,4,3,True,63.04
312,2022,Punjab Kings,Liam Livingstone,73,97,12,3,True,75.26
312,2022,Punjab Kings,Sam Curran,17,17,1,1,False,100.0
313,2022,Kolkata Knight Riders,Shreyas Iyer,83,107,10,9,True,77.57
313,2022,Kolkata Knight Riders,Venkatesh Iyer,33,35,4,3,True,94.29
313,2022,Kolkata Knight Riders,Andre Russell,49,69,5,4,True,71.01
313,2022,Kolkata Knight Riders,Nitish Rana,33,34,4,2,True,97.06
313,2022,Royal Challengers Bangalore,Virat Kohli,33,39,5,1,True,84.62
313,2022,Royal Challengers Bangalore,Faf du Plessis,33,33,3,1,False,100.0
313,2022,Royal Challengers Bangalore,Glenn Maxwell,36,48,3,1,False,75.0
313,2022,Royal Challengers Bangalore,Dinesh Karthik,19,30,2,1,True,63.33
314,2022,Rajasthan Royals,Jos Buttler,69,85,6,3,True,81.18
314,2022,Rajasthan Royals,Sanju Samson,19,21,2,1,True,90.48
314,2022,Rajasthan Royals,Yashasvi Jaiswal,45,53,5,2,True,84.91
314,2022,Rajasthan Royals,Devdutt Padikkal,39,39,6,1,True,100.0
314,2022,Mumbai Indians,Rohit Sharma,54,54,6,3,True,100.0
314,2022,Mumbai Indians,Ishan Kishan,27,27,3,2,True,100.0
314,2022,Mumbai Indians,Suryakumar Yadav,17,17,2,1,False,100.0
314,2022,Mumbai Indians,Hardik Pandya,77,84,6,6,False,91.67
315,2022,Punjab Kings,Shikhar Dhawan,52,74,7,5,False,70.27
315,2022,Punjab Kings,Jonny Bairstow,33,33,4,1,False,100.0
315,2022,Punjab Kings,Liam Livingstone,53,70,5,2,True,75.71
315,2022,Punjab Kings,Sam Curran,38,55,3,2,False,69.09
315,2022,Chennai Super Kings,MS Dhoni,36,45,4,1,True,80.0
315,2022,Chennai Super Kings,Ruturaj Gaikwad,51,63,5,2,True,80.95
315,2022,Chennai Super Kings,Devon Conway,40,40,4,2,True,100.0
315,2022,Chennai Super Kings,Ambati Rayudu,53,86,5,5,True,61.63
316,2022,Sunrisers Hyderabad,Kane Williamson,34,44,5,4,False,77.27
316,2022,Sunrisers Hyderabad,Abhishek Sharma,44,62,4,3,True,70.97
316,2022,Sunrisers Hyderabad,Rahul Tripathi,44,55,3,4,True,80.0
316,2022,Sunrisers Hyderabad,Nicholas Pooran,58,87,5,6,True,66.67
316,2022,Delhi Capitals,David Warner,36,38,5,4,True,94.74
316,2022,Delhi Capitals,Prithvi Shaw,38,43,4,3,True,88.37
316,2022,Delhi Capitals,Rishabh Pant,60,65,6,5,True,92.31
316,2022,Delhi Capitals,Axar Patel,12,12,1,0,True,100.0
317,2022,Kolkata Knight Riders,Shreyas Iyer,43,58,4,4,False,74.14
317,2022,Kolkata Knight Riders,Venkatesh Iyer,71,92,8,4,True,77.17
317,2022,Kolkata Knight Riders,Andre Russell,43,58,6,1,True,74.14
317,2022,Kolkata Knight Riders,Nitish Rana,16,20,2,0,False,80.0
317,2022,Mumbai Indians,Rohit Sharma,81,108,12,9,False,75.0
317,2022,Mumbai Indians,Ishan Kishan,36,47,5,3,False,76.6
317,2022,Mumbai Indians,Suryakumar Yadav,54,62,4,2,True,87.1
317,2022,Mumbai Indians,Hardik Pandya,27,43,4,1,True,62.79
318,2022,Sunrisers Hyderabad,Kane Williamson,63,93,6,2,True,67.74
318,2022,Sunrisers Hyderabad,Abhishek Sharma,75,78,12,2,True,96.15
318,2022,Sunrisers Hyderabad,Rahul Tripathi,42,42,5,4,True,100.0
318,2022,Sunrisers Hyderabad,Nicholas Pooran,59,73,10,6,False,80.82
318,2022,Delhi Capitals,David Warner,71,79,8,7,True,89.87
318,2022,Delhi Capitals,Prithvi Shaw,62,75,5,5,True,82.67
318,2022,Delhi Capitals,Rishabh Pant,53,67,6,2,True,79.1
318,2022,Delhi Capitals,Axar Patel,24,45,2,2,True,53.33
319,2022,Royal Challengers Bangalore,Virat Kohli,44,49,4,1,False,89.8
319,2022,Royal Challengers Bangalore,Faf du Plessis,50,60,4,4,True,83.33
319,2022,Royal Challengers Bangalore,Glenn Maxwell,36,53,3,3,True,67.92
319,2022,Royal Challengers Bangalore,Dinesh Karthik,42,48,6,2,True,87.5
319,2022,Chennai Super Kings,MS Dhoni,55,64,5,3,True,85.94
319,2022,Chennai Super Kings,Ruturaj Gaikwad,49,60,5,3,True,81.67
319,2022,Chennai Super Kings,Devon Conway,25,28,3,2,True,89.29
319,2022,Chennai Super Kings,Ambati Rayudu,32,32,4,2,True,100.0
320,2022,Punjab Kings,Shikhar Dhawan,23,26,2,2,True,88.46
320,2022,Punjab Kings,Jonny Bairstow,42,58,4,3,True,72.41
320,2022,Punjab Kings,Liam Livingstone,22,22,3,1,True,100.0
320,2022,Punjab Kings,Sam Curran,56,56,5,2,True,100.0
320,2022,Rajasthan Royals,Jos Buttler,50,74,6,5,True,67.57
320,2022,Rajasthan Royals,Sanju Samson,29,47,4,1,True,61.7
320,2022,Rajasthan Royals,Yashasvi Jaiswal,48,75,7,2,True,64.0
320,2022,Rajasthan Royals,Devdutt Padikkal,82,86,8,7,False,95.35
321,2022,Delhi Capitals,David Warner,69,70,10,6,True,98.57
321,2022,Delhi Capitals,Prithvi Shaw,23,23,2,1,True,100.0
321,2022,Delhi Capitals,Rishabh Pant,56,69,9,3,False,81.16
321,2022,Delhi Capitals,Axar Patel,36,51,5,1,False,70.59
321,2022,Rajasthan Royals,Jos Buttler,5,5,0,0,True,100.0
321,2022,Rajasthan Royals,Sanju Samson,57,69,8,3,True,82.61
321,2022,Rajasthan Royals,Yashasvi Jaiswal,22,31,1,2,True,70.97
321,2022,Rajasthan Royals,Devdutt Padikkal,32,48,5,1,True,66.67
322,2022,Royal Challengers Bangalore,Virat Kohli,9,9,1,1,True,100.0
322,2022,Royal Challengers Bangalore,Faf du Plessis,16,16,1,1,True,100.0
322,2022,Royal Challengers Bangalore,Glenn Maxwell,38,38,6,2,True,100.0
322,2022,Royal Challengers Bangalore,Dinesh Karthik,22,45,2,1,True,48.89
322,2022,Sunrisers Hyderabad,Kane Williamson,42,47,7,2,True,89.36
322,2022,Sunrisers Hyderabad,Abhishek Sharma,68,81,9,4,False,83.95
322,2022,Sunrisers Hyderabad,Rahul Tripathi,37,47,3,3,False,78.72
322,2022,Sunrisers Hyderabad,Nicholas Pooran,87,122,12,6,True,71.31
323,2022,Kolkata Knight Riders,Shreyas Iyer,59,84,6,2,True,70.24
323,2022,Kolkata Knight Riders,Venkatesh Iyer,68,95,8,5,False,71.58
323,2022,Kolkata Knight Riders,Andre Russell,45,49,7,3,True,91.84
323,2022,Kolkata Knight Riders,Nitish Rana,51,61,4,3,True,83.61
323,2022,Punjab Kings,Shikhar Dhawan,22,22,3,2,True,100.0
323,2022,Punjab Kings,Jonny Bairstow,51,82,8,4,True,62.2
323,2022,Punjab Kings,Liam Livingstone,56,75,7,6,False,74.67
323,2022,Punjab Kings,Sam Curran,85,107,15,4,True,79.44
324,2022,Chennai Super Kings,MS Dhoni,32,34,3,3,True,94.12
324,2022,Chennai Super Kings,Ruturaj Gaikwad,10,13,1,0,True,76.92
324,2022,Chennai Super Kings,Devon Conway,26,33,3,1,False,78.79
324,2022,Chennai Super Kings,Ambati Rayudu,68,94,11,8,True,72.34
324,2022,Mumbai Indians,Rohit Sharma,31,38,3,2,True,81.58
324,2022,Mumbai Indians,Ishan Kishan,30,49,4,2,False,61.22
324,2022,Mumbai Indians,Suryakumar Yadav,43,43,6,5,True,100.0
324,2022,Mumbai Indians,Hardik Pandya,0,3,0,0,True,0.0
325,2022,Chennai Super Kings,MS Dhoni,28,28,3,2,True,100.0
325,2022,Chennai Super Kings,Ruturaj Gaikwad,64,69,6,2,True,92.75
325,2022,Chennai Super Kings,Devon Conway,30,38,4,3,True,78.95
325,2022,Chennai Super Kings,Ambati Rayudu,22,23,2,0,False,95.65
325,2022,Royal Challengers Bangalore,Virat Kohli,33,43,5,3,True,76.74
325,2022,Royal Challengers Bangalore,Faf du Plessis,83,95,11,8,True,87.37
325,2022,Royal Challengers Bangalore,Glenn Maxwell,31,31,5,3,True,100.0
325,2022,Royal Challengers Bangalore,Dinesh Karthik,86,103,12,3,True,83.5
326,2022,Delhi Capitals,David Warner,32,42,5,2,True,76.19
326,2022,Delhi Capitals,Prithvi Shaw,50,50,8,4,True,100.0
326,2022,Delhi Capitals,Rishabh Pant,12,22,2,1,True,54.55
326,2022,Delhi Capitals,Axar Patel,76,78,8,2,True,97.44
326,2022,Mumbai Indians,Rohit Sharma,46,55,6,1,True,83.64
326,2022,Mumbai Indians,Ishan Kishan,62,75,9,3,True,82.67
326,2022,Mumbai Indians,Suryakumar Yadav,22,28,2,1,True,78.57
326,2022,Mumbai Indians,Hardik Pandya,33,46,3,1,True,71.74
327,2022,Kolkata Knight Riders,Shreyas Iyer,61,78,5,6,False,78.21
327,2022,Kolkata Knight Riders,Venkatesh Iyer,25,54,3,1,True,46.3
327,2022,Kolkata Knight Riders,Andre Russell,30,38,3,1,True,78.95
327,2022,Kolkata Knight Riders,Nitish Rana,14,14,1,1,True,100.0
327,2022,Rajasthan Royals,Jos Buttler,31,51,4,2,True,60.78
327,2022,Rajasthan Royals,Sanju Samson,44,55,4,3,True,80.0
327,2022,Rajasthan Royals,Yashasvi Jaiswal,43,45,4,4,True,95.56
327,2022,Rajasthan Royals,Devdutt Padikkal,29,46,2,3,False,63.04
328,2022,Sunrisers Hyderabad,Kane Williamson,51,73,5,3,True,69.86
328,2022,Sunrisers Hyderabad,Abhishek Sharma,24,47,4,1,True,51.06
328,2022,Sunrisers Hyderabad,Rahul Tripathi,45,45,7,2,True,100.0
328,2022,Sunrisers Hyderabad,Nicholas Pooran,57,60,7,6,False,95.0
328,2022,Punjab Kings,Shikhar Dhawan,45,45,7,2,True,100.0
328,2022,Punjab Kings,Jonny Bairstow,33,45,3,1,True,73.33
328,2022,Punjab Kings,Liam Livingstone,52,52,8,3,True,100.0
328,2022,Punjab Kings,Sam Curran,47,48,4,3,True,97.92
329,2022,Chennai Super Kings,MS Dhoni,37,39,4,3,True,94.87
329,2022,Chennai Super Kings,Ruturaj Gaikwad,39,68,5,4,True,57.35
329,2022,Chennai Super Kings,Devon Conway,45,45,7,3,False,100.0
329,2022,Chennai Super Kings,Ambati Rayudu,44,69,6,2,True,63.77
329,2022,Mumbai Indians,Rohit Sharma,67,81,6,5,True,82.72
329,2022,Mumbai Indians,Ishan Kishan,43,43,3,3,True,100.0
329,2022,Mumbai Indians,Suryakumar Yadav,45,45,6,1,True,100.0
329,2022,Mumbai Indians,Hardik Pandya,52,70,4,4,True,74.29
330,2022,Sunrisers Hyderabad,Kane Williamson,39,49,6,3,True,79.59
330,2022,Sunrisers Hyderabad,Abhishek Sharma,44,63,4,2,False,69.84
330,2022,Sunrisers Hyderabad,Rahul Tripathi,35,42,6,3,True,83.33
330,2022,Sunrisers Hyderabad,Nicholas Pooran,24,37,2,1,True,64.86
330,2022,Delhi Capitals,David Warner,57,65,7,5,True,87.69
330,2022,Delhi Capitals,Prithvi Shaw,27,33,2,2,False,81.82
330,2022,Delhi Capitals,Rishabh Pant,53,64,8,2,True,82.81
330,2022,Delhi Capitals,Axar Patel,49,60,8,4,True,81.67
331,2022,Kolkata Knight Riders,Shreyas Iyer,2,15,0,0,True,13.33
331,2022,Kolkata Knight Riders,Venkatesh Iyer,54,54,7,1,False,100.0
331,2022,Kolkata Knight Riders,Andre Russell,62,87,5,3,False,71.26
331,2022,Kolkata Knight Riders,Nitish Rana,36,50,3,2,True,72.0
331,2022,Punjab Kings,Shikhar Dhawan,42,53,3,4,True,79.25
331,2022,Punjab Kings,Jonny Bairstow,46,58,8,2,True,79.31
331,2022,Punjab Kings,Liam Livingstone,0,0,0,0,False,0.0
331,2022,Punjab Kings,Sam Curran,26,35,3,2,True,74.29
332,2022,Rajasthan Royals,Jos Buttler,24,24,2,2,True,100.0
332,2022,Rajasthan Royals,Sanju Samson,18,18,1,0,True,100.0
332,2022,Rajasthan Royals,Yashasvi Jaiswal,19,19,3,1,True,100.0
332,2022,Rajasthan Royals,Devdutt Padikkal,32,34,4,1,True,94.12
332,2022,Royal Challengers Bangalore,Virat Kohli,58,68,5,5,False,85.29
332,2022,Royal Challengers Bangalore,Faf du Plessis,51,65,4,2,False,78.46
332,2022,Royal Challengers Bangalore,Glenn Maxwell,55,73,8,5,True,75.34
332,2022,Royal Challengers Bangalore,Dinesh Karthik,61,82,8,3,True,74.39
333,2022,Kolkata Knight Riders,Shreyas Iyer,61,66,9,6,True,92.42
333,2022,Kolkata Knight Riders,Venkatesh Iyer,22,33,3,0,True,66.67
333,2022,Kolkata Knight Riders,Andre Russell,34,52,5,3,True,65.38
333,2022,Kolkata Knight Riders,Nitish Rana,55,62,9,1,True,88.71
333,2022,Sunrisers Hyderabad,Kane Williamson,44,53,4,2,True,83.02
333,2022,Sunrisers Hyderabad,Abhishek Sharma,79,104,9,2,True,75.96
333,2022,Sunrisers Hyderabad,Rahul Tripathi,42,71,6,2,False,59.15
333,2022,Sunrisers Hyderabad,Nicholas Pooran,21,23,3,1,True,91.3
334,2022,Royal Challengers Bangalore,Virat Kohli,40,45,6,3,True,88.89
334,2022,Royal Challengers Bangalore,Faf du Plessis,46,46,3,4,True,100.0
334,2022,Royal Challengers Bangalore,Glenn Maxwell,58,73,8,3,True,79.45
334,2022,Royal Challengers Bangalore,Dinesh Karthik,16,16,2,1,False,100.0
334,2022,Mumbai Indians,Rohit Sharma,68,85,11,5,True,80.0
334,2022,Mumbai Indians,Ishan Kishan,47,49,4,4,True,95.92
334,2022,Mumbai Indians,Suryakumar Yadav,32,34,3,2,True,94.12
334,2022,Mumbai Indians,Hardik Pandya,38,53,4,2,True,71.7
335,2022,Chennai Super Kings,MS Dhoni,38,48,3,1,True,79.17
335,2022,Chennai Super Kings,Ruturaj Gaikwad,40,61,5,4,True,65.57
335,2022,Chennai Super Kings,Devon Conway,28,43,3,2,True,65.12
335,2022,Chennai Super Kings,Ambati Rayudu,8,13,0,0,True,61.54
335,2022,Punjab Kings,Shikhar Dhawan,34,39,5,2,True,87.18
335,2022,Punjab Kings,Jonny Bairstow,68,93,5,5,False,73.12
335,2022,Punjab Kings,Liam Livingstone,16,16,2,1,True,100.0
335,2022,Punjab Kings,Sam Curran,47,78,6,1,True,60.26
336,2022,Rajasthan Royals,Jos Buttler,22,22,3,1,True,100.0
336,2022,Rajasthan Royals,Sanju Samson,0,0,0,0,True,0.0
336,2022,Rajasthan Royals,Yashasvi Jaiswal,31,31,2,1,False,100.0
336,2022,Rajasthan Royals,Devdutt Padikkal,48,52,7,2,True,92.31
336,2022,Delhi Capitals,David Warner,47,63,4,4,True,74.6
336,2022,Delhi Capitals,Prithvi Shaw,69,88,11,6,True,78.41
336,2022,Delhi Capitals,Rishabh Pant,39,51,5,4,True,76.47
336,2022,Delhi Capitals,Axar Patel,21,32,2,0,True,65.62
337,2023,Royal Challengers Bangalore,Virat Kohli,23,23,3,1,True,100.0
337,2023,Royal Challengers Bangalore,Faf du Plessis,45,48,4,1,True,93.75
337,2023,Royal Challengers Bangalore,Glenn Maxwell,21,28,2,1,True,75.0
337,2023,Royal Challengers Bangalore,Dinesh Karthik,44,67,5,5,True,65.67
337,2023,Rajasthan Royals,Jos Buttler,1,1,0,0,False,100.0
337,2023,Rajasthan Royals,Sanju Samson,23,48,2,1,True,47.92
337,2023,Rajasthan Royals,Yashasvi Jaiswal,44,44,5,3,True,100.0
337,2023,Rajasthan Royals,Devdutt Padikkal,17,18,2,0,False,94.44
338,2023,Kolkata Knight Riders,Shreyas Iyer,40,64,4,1,True,62.5
338,2023,Kolkata Knight Riders,Venkatesh Iyer,0,13,0,0,False,0.0
338,2023,Kolkata Knight Riders,Andre Russell,57,58,5,5,True,98.28
338,2023,Kolkata Knight Riders,Nitish Rana,23,39,1,1,False,58.97
338,2023,Mumbai Indians,Rohit Sharma,52,52,4,6,True,100.0
338,2023,Mumbai Indians,Ishan Kishan,44,61,7,4,True,72.13
338,2023,Mumbai Indians,Suryakumar Yadav,56,84,7,2,True,66.67
338,2023,Mumbai Indians,Hardik Pandya,40,40,6,2,True,100.0
339,2023,Punjab Kings,Shikhar Dhawan,27,36,3,1,True,75.0
339,2023,Punjab Kings,Jonny Bairstow,64,77,6,3,True,83.12
339,2023,Punjab Kings,Liam Livingstone,26,26,4,1,True,100.0
339,2023,Punjab Kings,Sam Curran,52,68,7,1,True,76.47
339,2023,Chennai Super Kings,MS Dhoni,57,68,7,3,True,83.82
339,2023,Chennai Super Kings,Ruturaj Gaikwad,44,44,6,1,True,100.0
339,2023,Chennai Super Kings,Devon Conway,9,9,1,0,True,100.0
339,2023,Chennai Super Kings,Ambati Rayudu,78,93,8,7,True,83.87
340,2023,Sunrisers Hyderabad,Kane Williamson,8,15,1,0,True,53.33
340,2023,Sunrisers Hyderabad,Abhishek Sharma,28,35,3,2,True,80.0
340,2023,Sunrisers Hyderabad,Rahul Tripathi,44,68,4,1,False,64.71
340,2023,Sunrisers Hyderabad,Nicholas Pooran,47,53,5,4,False,88.68
340,2023,Delhi Capitals,David Warner,110,152,16,8,True,72.37
340,2023,Delhi Capitals,Prithvi Shaw,47,65,5,1,True,72.31
340,2023,Delhi Capitals,Rishabh Pant,51,56,8,4,True,91.07
340,2023,Delhi Capitals,Axar Patel,38,54,5,3,True,70.37
341,2023,Kolkata Knight Riders,Shreyas Iyer,23,23,3,1,True,100.0
341,2023,Kolkata Knight Riders,Venkatesh Iyer,63,84,6,5,True,75.0
341,2023,Kolkata Knight Riders,Andre Russell,19,19,2,1,True,100.0
341,2023,Kolkata Knight Riders,Nitish Rana,39,39,4,2,True,100.0
341,2023,Delhi Capitals,David Warner,17,17,2,1,True,100.0
341,2023,Delhi Capitals,Prithvi Shaw,34,40,3,3,False,85.0
341,2023,Delhi Capitals,Rishabh Pant,12,20,1,0,True,60.0
341,2023,Delhi Capitals,Axar Patel,13,24,2,0,True,54.17
342,2023,Rajasthan Royals,Jos Buttler,21,21,2,0,True,100.0
342,2023,Rajasthan Royals,Sanju Samson,45,48,4,4,True,93.75
342,2023,Rajasthan Royals,Yashasvi Jaiswal,21,37,2,0,True,56.76
342,2023,Rajasthan Royals,Devdutt Padikkal,36,36,3,2,True,100.0
342,2023,Royal Challengers Bangalore,Virat Kohli,50,67,7,2,True,74.63
342,2023,Royal Challengers Bangalore,Faf du Plessis,35,35,3,2,True,100.0
342,2023,Royal Challengers Bangalore,Glenn Maxwell,38,53,4,2,True,71.7
342,2023,Royal Challengers Bangalore,Dinesh Karthik,33,39,3,1,False,84.62
343,2023,Chennai Super Kings,MS Dhoni,29,35,2,2,True,82.86
343,2023,Chennai Super Kings,Ruturaj Gaikwad,15,38,2,1,True,39.47
343,2023,Chennai Super Kings,Devon Conway,30,33,2,2,True,90.91
343,2023,Chennai Super Kings,Ambati Rayudu,42,49,4,3,True,85.71
343,2023,Mumbai Indians,Rohit Sharma,62,74,7,2,True,83.78
343,2023,Mumbai Indians,Ishan Kishan,42,44,5,1,True,95.45
343,2023,Mumbai Indians,Suryakumar Yadav,26,49,2,3,True,53.06
343,2023,Mumbai Indians,Hardik Pandya,37,55,4,2,True,67.27
344,2023,Sunrisers Hyderabad,Kane Williamson,38,38,5,2,True,100.0
344,2023,Sunrisers Hyderabad,Abhishek Sharma,67,83,8,4,False,80.72
344,2023,Sunrisers Hyderabad,Rahul Tripathi,33,33,5,1,True,100.0
344,2023,Sunrisers Hyderabad,Nicholas Pooran,71,80,9,6,True,88.75
344,2023,Punjab Kings,Shikhar Dhawan,29,29,4,1,True,100.0
344,2023,Punjab Kings,Jonny Bairstow,44,72,6,2,False,61.11
344,2023,Punjab Kings,Liam Livingstone,38,38,3,3,True,100.0
344,2023,Punjab Kings,Sam Curran,56,67,7,4,True,83.58
345,2023,Royal Challengers Bangalore,Virat Kohli,58,76,5,5,False,76.32
345,2023,Royal Challengers Bangalore,Faf du Plessis,41,49,6,2,True,83.67
345,2023,Royal Challengers Bangalore,Glenn Maxwell,20,41,2,1,False,48.78
345,2023,Royal Challengers Bangalore,Dinesh Karthik,22,22,3,0,True,100.0
345,2023,Rajasthan Royals,Jos Buttler,72,82,11,5,False,87.8
345,2023,Rajasthan Royals,Sanju Samson,0,11,0,0,True,0.0
345,2023,Rajasthan Royals,Yashasvi Jaiswal,37,46,4,1,True,80.43
345,2023,Rajasthan Royals,Devdutt Padikkal,42,54,5,3,True,77.78
346,2023,Punjab Kings,Shikhar Dhawan,60,74,10,2,True,81.08
346,2023,Punjab Kings,Jonny Bairstow,32,37,4,3,True,86.49
346,2023,Punjab Kings,Liam Livingstone,60,67,9,5,True,89.55
346,2023,Punjab Kings,Sam Curran,47,57,8,5,False,82.46
346,2023,Mumbai Indians,Rohit Sharma,25,36,2,2,True,69.44
346,2023,Mumbai Indians,Ishan Kishan,34,39,5,3,True,87.18
346,2023,Mumbai Indians,Suryakumar Yadav,21,28,2,0,True,75.0
346,2023,Mumbai Indians,Hardik Pandya,35,35,4,2,True,100.0
347,2023,Delhi Capitals,David Warner,36,56,5,2,True,64.29
347,2023,Delhi Capitals,Prithvi Shaw,59,71,5,1,True,83.1
347,2023,Delhi Capitals,Rishabh Pant,0,0,0,0,True,0.0
347,2023,Delhi Capitals,Axar Patel,55,71,7,3,True,77.46
347,2023,Sunrisers Hyderabad,Kane Williamson,30,35,2,2,False,85.71
347,2023,Sunrisers Hyderabad,Abhishek Sharma,39,39,4,1,False,100.0
347,2023,Sunrisers Hyderabad,Rahul Tripathi,20,36,3,1,True,55.56
347,2023,Sunrisers Hyderabad,Nicholas Pooran,57,70,5,5,True,81.43
348,2023,Chennai Super Kings,MS Dhoni,32,37,3,3,True,86.49
348,2023,Chennai Super Kings,Ruturaj Gaikwad,36,46,5,2,False,78.26
348,2023,Chennai Super Kings,Devon Conway,49,52,7,3,False,94.23
348,2023,Chennai Super Kings,Ambati Rayudu,57,71,6,4,False,80.28
348,2023,Kolkata Knight Riders,Shreyas Iyer,60,71,7,3,True,84.51
348,2023,Kolkata Knight Riders,Venkatesh Iyer,51,63,6,2,True,80.95
348,2023,Kolkata Knight Riders,Andre Russell,53,65,7,6,False,81.54
348,2023,Kolkata Knight Riders,Nitish Rana,41,70,3,3,True,58.57
349,2023,Kolkata Knight Riders,Shreyas Iyer,26,45,4,2,True,57.78
349,2023,Kolkata Knight Riders,Venkatesh Iyer,41,42,6,3,True,97.62
349,2023,Kolkata Knight Riders,Andre Russell,9,9,1,0,True,100.0
349,2023,Kolkata Knight Riders,Nitish Rana,28,39,2,2,True,71.79
349,2023,Punjab Kings,Shikhar Dhawan,44,44,6,3,True,100.0
349,2023,Punjab Kings,Jonny Bairstow,40,40,5,2,True,100.0
349,2023,Punjab Kings,Liam Livingstone,6,6,0,0,True,100.0
349,2023,Punjab Kings,Sam Curran,58,74,6,1,False,78.38
350,2023,Mumbai Indians,Rohit Sharma,22,35,2,2,False,62.86
350,2023,Mumbai Indians,Ishan Kishan,19,19,2,1,True,100.0
350,2023,Mumbai Indians,Suryakumar Yadav,53,72,8,5,True,73.61
350,2023,Mumbai Indians,Hardik Pandya,38,60,6,1,False,63.33
350,2023,Royal Challengers Bangalore,Virat Kohli,58,74,6,2,False,78.38
350,2023,Royal Challengers Bangalore,Faf du Plessis,57,73,4,3,True,78.08
350,2023,Royal Challengers Bangalore,Glenn Maxwell,45,46,5,1,True,97.83
350,2023,Royal Challengers Bangalore,Dinesh Karthik,32,35,4,1,True,91.43
351,2023,Chennai Super Kings,MS Dhoni,9,9,1,1,True,100.0
351,2023,Chennai Super Kings,Ruturaj Gaikwad,90,97,10,8,False,92.78
351,2023,Chennai Super Kings,Devon Conway,25,27,3,1,True,92.59
351,2023,Chennai Super Kings,Ambati Rayudu,49,56,6,2,True,87.5
351,2023,Delhi Capitals,David Warner,66,84,7,5,True,78.57
351,2023,Delhi Capitals,Prithvi Shaw,16,23,2,0,False,69.57
351,2023,Delhi Capitals,Rishabh Pant,44,57,5,4,True,77.19
351,2023,Delhi Capitals,Axar Patel,22,23,2,1,True,95.65
352,2023,Rajasthan Royals,Jos Buttler,49,61,8,2,True,80.33
352,2023,Rajasthan Royals,Sanju Samson,27,27,4,2,False,100.0
352,2023,Rajasthan Royals,Yashasvi Jaiswal,37,67,3,4,True,55.22
352,2023,Rajasthan Royals,Devdutt Padikkal,37,60,4,4,True,61.67
352,2023,Sunrisers Hyderabad,Kane Williamson,47,51,6,3,True,92.16
352,2023,Sunrisers Hyderabad,Abhishek Sharma,68,72,9,3,True,94.44
352,2023,Sunrisers Hyderabad,Rahul Tripathi,3,3,0,0,True,100.0
352,2023,Sunrisers Hyderabad,Nicholas Pooran,31,42,4,1,True,73.81
353,2023,Punjab Kings,Shikhar Dhawan,31,34,4,1,True,91.18
353,2023,Punjab Kings,Jonny Bairstow,44,59,7,2,True,74.58
353,2023,Punjab Kings,Liam Livingstone,46,64,6,4,False,71.88
353,2023,Punjab Kings,Sam Curran,38,39,4,4,False,97.44
353,2023,Delhi Capitals,David Warner,9,9,0,0,False,100.0
353,2023,Delhi Capitals,Prithvi Shaw,29,32,3,2,True,90.62
353,2023,Delhi Capitals,Rishabh Pant,34,47,4,2,False,72.34
353,2023,Delhi Capitals,Axar Patel,51,58,7,3,True,87.93
354,2023,Kolkata Knight Riders,Shreyas Iyer,57,75,8,5,True,76.0
354,2023,Kolkata Knight Riders,Venkatesh Iyer,20,29,1,1,False,68.97
354,2023,Kolkata Knight Riders,Andre Russell,52,68,9,2,False,76.47
354,2023,Kolkata Knight Riders,Nitish Rana,59,74,8,4,True,79.73
354,2023,Royal Challengers Bangalore,Virat Kohli,22,22,1,1,True,100.0
354,2023,Royal Challengers Bangalore,Faf du Plessis,34,37,5,1,True,91.89
354,2023,Royal Challengers Bangalore,Glenn Maxwell,20,38,2,0,True,52.63
354,2023,Royal Challengers Bangalore,Dinesh Karthik,25,35,2,0,True,71.43
355,2023,Sunrisers Hyderabad,Kane Williamson,58,61,7,4,False,95.08
355,2023,Sunrisers Hyderabad,Abhishek Sharma,60,68,4,4,True,88.24
355,2023,Sunrisers Hyderabad,Rahul Tripathi,71,91,10,6,False,78.02
355,2023,Sunrisers Hyderabad,Nicholas Pooran,26,48,3,2,False,54.17
355,2023,Mumbai Indians,Rohit Sharma,32,41,3,2,True,78.05
355,2023,Mumbai Indians,Ishan Kishan,35,65,4,1,True,53.85
355,2023,Mumbai Indians,Suryakumar Yadav,45,50,4,1,True,90.0
355,2023,Mumbai Indians,Hardik Pandya,43,53,7,3,True,81.13
356,2023,Chennai Super Kings,MS Dhoni,77,93,11,4,False,82.8
356,2023,Chennai Super Kings,Ruturaj Gaikwad,34,47,5,3,True,72.34
356,2023,Chennai Super Kings,Devon Conway,54,66,6,1,False,81.82
356,2023,Chennai Super Kings,Ambati Rayudu,51,65,4,1,False,78.46
356,2023,Rajasthan Royals,Jos Buttler,34,67,3,3,True,50.75
356,2023,Rajasthan Royals,Sanju Samson,81,102,7,4,True,79.41
356,2023,Rajasthan Royals,Yashasvi Jaiswal,65,86,10,4,False,75.58
356,2023,Rajasthan Royals,Devdutt Padikkal,76,84,12,3,True,90.48
357,2023,Punjab Kings,Shikhar Dhawan,32,36,4,1,True,88.89
357,2023,Punjab Kings,Jonny Bairstow,53,66,8,3,True,80.3
357,2023,Punjab Kings,Liam Livingstone,31,31,2,3,True,100.0
357,2023,Punjab Kings,Sam Curran,36,36,4,2,True,100.0
357,2023,Rajasthan Royals,Jos Buttler,40,40,3,1,True,100.0
357,2023,Rajasthan Royals,Sanju Samson,22,29,2,1,True,75.86
357,2023,Rajasthan Royals,Yashasvi Jaiswal,22,26,1,1,True,84.62
357,2023,Rajasthan Royals,Devdutt Padikkal,35,35,6,3,False,100.0
358,2023,Royal Challengers Bangalore,Virat Kohli,17,33,1,1,False,51.52
358,2023,Royal Challengers Bangalore,Faf du Plessis,77,89,9,5,True,86.52
358,2023,Royal Challengers Bangalore,Glenn Maxwell,4,5,0,0,False,80.0
358,2023,Royal Challengers Bangalore,Dinesh Karthik,52,60,5,3,True,86.67
358,2023,Chennai Super Kings,MS Dhoni,32,33,4,1,True,96.97
358,2023,Chennai Super Kings,Ruturaj Gaikwad,57,76,9,3,True,75.0
358,2023,Chennai Super Kings,Devon Conway,23,23,3,0,True,100.0
358,2023,Chennai Super Kings,Ambati Rayudu,47,67,7,4,False,70.15
359,2023,Mumbai Indians,Rohit Sharma,54,64,7,2,True,84.38
359,2023,Mumbai Indians,Ishan Kishan,57,70,5,2,False,81.43
359,2023,Mumbai Indians,Suryakumar Yadav,45,58,5,4,True,77.59
359,2023,Mumbai Indians,Hardik Pandya,38,42,3,3,True,90.48
359,2023,Sunrisers Hyderabad,Kane Williamson,40,40,3,3,False,100.0
359,2023,Sunrisers Hyderabad,Abhishek Sharma,82,93,10,3,False,88.17
359,2023,Sunrisers Hyderabad,Rahul Tripathi,78,88,9,3,False,88.64
359,2023,Sunrisers Hyderabad,Nicholas Pooran,21,21,2,1,True,100.0
360,2023,Delhi Capitals,David Warner,39,53,3,1,True,73.58
360,2023,Delhi Capitals,Prithvi Shaw,55,55,6,2,True,100.0
360,2023,Delhi Capitals,Rishabh Pant,62,63,7,2,True,98.41
360,2023,Delhi Capitals,Axar Patel,62,68,11,2,True,91.18
360,2023,Kolkata Knight Riders,Shreyas Iyer,15,28,1,0,True,53.57
360,2023,Kolkata Knight Riders,Venkatesh Iyer,1,12,0,0,True,8.33
360,2023,Kolkata Knight Riders,Andre Russell,20,26,2,0,True,76.92
360,2023,Kolkata Knight Riders,Nitish Rana,25,50,4,0,True,50.0
361,2023,Punjab Kings,Shikhar Dhawan,65,72,8,7,True,90.28
361,2023,Punjab Kings,Jonny Bairstow,33,33,3,2,True,100.0
361,2023,Punjab Kings,Liam Livingstone,29,31,3,2,True,93.55
361,2023,Punjab Kings,Sam Curran,36,36,5,1,True,100.0
361,2023,Kolkata Knight Riders,Shreyas Iyer,33,33,5,2,True,100.0
361,2023,Kolkata Knight Riders,Venkatesh Iyer,0,0,0,0,True,0.0
361,2023,Kolkata Knight Riders,Andre Russell,42,43,6,1,True,97.67
361,2023,Kolkata Knight Riders,Nitish Rana,30,46,4,2,True,65.22
362,2023,Rajasthan Royals,Jos Buttler,33,33,5,2,True,100.0
362,2023,Rajasthan Royals,Sanju Samson,33,44,3,3,False,75.0
362,2023,Rajasthan Royals,Yashasvi Jaiswal,34,34,3,2,True,100.0
362,2023,Rajasthan Royals,Devdutt Padikkal,54,57,8,4,True,94.74
362,2023,Sunrisers Hyderabad,Kane Williamson,44,51,6,2,True,86.27
362,2023,Sunrisers Hyderabad,Abhishek Sharma,76,99,9,7,False,76.77
362,2023,Sunrisers Hyderabad,Rahul Tripathi,57,68,8,5,False,83.82
362,2023,Sunrisers Hyderabad,Nicholas Pooran,20,20,3,1,False,100.0
363,2023,Royal Challengers Bangalore,Virat Kohli,68,95,11,2,True,71.58
363,2023,Royal Challengers Bangalore,Faf du Plessis,86,100,11,9,True,86.0
363,2023,Royal Challengers Bangalore,Glenn Maxwell,64,86,6,2,True,74.42
363,2023,Royal Challengers Bangalore,Dinesh Karthik,32,41,4,1,False,78.05
363,2023,Delhi Capitals,David Warner,54,78,4,2,False,69.23
363,2023,Delhi Capitals,Prithvi Shaw,0,6,0,0,True,0.0
363,2023,Delhi Capitals,Rishabh Pant,48,66,4,5,True,72.73
363,2023,Delhi Capitals,Axar Patel,14,15,1,0,True,93.33
364,2023,Chennai Super Kings,MS Dhoni,7,19,1,0,True,36.84
364,2023,Chennai Super Kings,Ruturaj Gaikwad,46,66,6,2,True,69.7
364,2023,Chennai Super Kings,Devon Conway,28,35,4,1,False,80.0
364,2023,Chennai Super Kings,Ambati Rayudu,34,35,5,3,True,97.14
364,2023,Mumbai Indians,Rohit Sharma,44,50,7,3,True,88.0
364,2023,Mumbai Indians,Ishan Kishan,22,38,3,0,True,57.89
364,2023,Mumbai Indians,Suryakumar Yadav,21,25,2,0,True,84.0
364,2023,Mumbai Indians,Hardik Pandya,29,42,4,1,True,69.05
